t,pos_x,vel_x,pos_y,vel_y,pos_z,vel_z,meas_ax,meas_ay,meas_az
0,0,0,0,0,0,0,9.7674,-0.0344686,-0.0359997
0.095,0,0,0,0,0,0,9.51846,-0.0727668,0.00229839
0.194,0,0,0,0,0,0,9.8823,0.0804262,-0.265789
0.294,0,0,0,0,0,0,9.51846,-0.245109,-0.380684
0.389,0,0,0,0,0,0,9.55675,-0.111065,-0.0359997
0.49,0,0,0,0,0,0,9.7674,-0.398302,-0.495579
0.587,0,0,0,0,0,0,9.67165,-0.245109,-0.495579
0.685,0,0,0,0,0,0,9.67165,-0.0344686,-0.342386
0.78,0,0,0,0,0,0,9.67165,0.042128,-0.304087
0.88,0,0,0,0,0,0,9.51846,-0.168512,-0.418982
0.976,0,0,0,0,0,0,9.63335,-0.20681,0.00229839
1.075,0,0,0,0,0,0,9.63335,-0.111065,-0.380684
1.175,0,0,0,0,0,0,9.51846,-0.321705,-0.227491
1.27,0,0,0,0,0,0,9.51846,-0.4366,-0.112596
1.37,0,0,0,0,0,0,15.4547,-0.187661,1.95551
1.47,0,0,0,0,0,0,66.5253,-1.12597,-1.64453
1.57,0,0,0,0,0,0,63.4041,-0.245109,-1.45304
1.664,0,0,0,0,0,0,66.5062,1.84214,3.33424
1.765,0,0,0,0,0,0,70.3935,0.0804262,1.68742
1.86,0,0,0,0,0,0,76.7893,-1.643,1.68742
1.96,0,0,0,0,0,0,83.6639,-0.589793,0.0788949
2.056,0,0,0,0,0,0,92.3959,-0.360003,1.57252
2.15,0,0,0,0,0,0,100.151,2.07193,1.45763
2.25,0,0,0,0,0,0,105.149,3.87195,-0.706219
2.345,0,0,0,0,0,0,106.968,11.8763,-2.3339
2.44,0,0,0,0,0,0,113.057,16.6253,-3.82753
2.538,0,0,0,0,0,0,114.801,13.504,-2.92752
2.636,0,0,0,0,0,0,118.802,6.84006,0.232088
2.735,0,0,0,0,0,0,124.911,2.30172,1.53423
2.829,0,0,0,0,0,0,132.035,-2.17917,-1.68283
2.925,0,0,0,0,0,0,131.365,-6.56432,-5.05307
3.02,0,0,0,0,0,0,131.23,-3.59621,0.787412
3.115,0,0,0,0,0,0,128.607,4.48472,2.56828
3.212,0,0,0,0,0,0,130.177,7.1273,-0.0742981
3.31,0,0,0,0,0,0,101.147,8.69753,-2.02751
3.405,0,0,0,0,0,0,94.6746,2.87619,-4.07647
3.5,0,0,0,0,0,0,38.1846,5.61452,-11.5063
3.6,0,0,0,0,0,0,27.9973,3.8911,-1.66368
3.69,0,0,0,0,0,0,28.7058,-3.51961,-3.61689
3.789,0,0,0,0,0,0,27.4804,-2.19832,-4.22966
3.889,0,0,0,0,0,0,24.742,-1.81534,-4.34455
3.985,0,0,0,0,0,0,23.6505,0.21447,-7.96374
4.08,0,0,0,0,0,0,21.6207,-0.321705,-7.7531
4.175,0,0,0,0,0,0,21.4484,-0.762135,-3.61689
4.27,0,0,0,0,0,0,19.859,-0.455749,-5.41691
4.369,0,0,0,0,0,0,18.5185,-3.76855,-1.81687
4.461,0,0,0,0,0,0,17.8866,0.291067,-6.12542
4.56,0,0,0,0,0,0,15.7228,0.44426,-3.71263
4.655,0,0,0,0,0,0,15.5122,-3.34727,-0.974307
4.75,0,0,0,0,0,0,13.4631,0.137874,-5.62755
4.85,0,0,0,0,0,0,12.6781,-2.40896,-4.93818
4.95,0,0,0,0,0,0,12.5632,-1.03023,-3.11901
5.047,0,0,0,0,0,0,12.9653,-2.60045,-0.47643
5.145,0,0,0,0,0,0,12.4483,-3.42387,-7.35097
5.242,0,0,0,0,0,0,11.1079,-2.00683,-0.227491
5.34,0,0,0,0,0,0,10.5142,-0.685538,-6.52755
5.44,0,0,0,0,0,0,10.2653,0.846391,-5.43605
5.54,0,0,0,0,0,0,9.40356,-2.63875,0.902307
5.635,0,0,0,0,0,0,9.32697,-2.83024,-5.81904
5.735,0,0,0,0,0,0,7.35461,1.49746,-2.73603
5.834,0,0,0,0,0,0,7.22056,-1.18342,-1.98921
5.929,0,0,0,0,0,0,7.69929,-4.03664,-1.72113
6.055,0,0,0,0,0,0,4.78862,-2.23662,-4.19136
6.125,0,0,0,0,0,0,4.90352,-5.79836,-5.43605
6.225,0,0,0,0,0,0,4.98012,-1.50895,-5.11052
6.32,0,0,0,0,0,0,3.96521,-1.04938,0.576772
6.415,0,0,0,0,0,0,3.96521,-8.2303,-3.82753
6.515,0,0,0,0,0,0,4.195,-6.27709,-2.71688
6.61,0,0,0,0,0,0,4.08011,-2.96429,-1.79772
6.708,0,0,0,0,0,0,3.37159,-3.04088,-4.93818
6.805,0,0,0,0,0,0,4.195,-3.826,-3.67434
6.905,0,0,0,0,0,0,3.00776,-4.55366,-1.10835
7,0,0,0,0,0,0,1.82051,-3.42387,-3.21476
7.1,0,0,0,0,0,0,2.29924,-4.24728,-2.39134
7.195,0,0,0,0,0,0,2.06945,-1.83449,-5.78074
7.295,0,0,0,0,0,0,0.843902,-5.76006,-2.27645
7.394,0,0,0,0,0,0,1.15029,-5.30048,-2.65943
7.49,0,0,0,0,0,0,2.41413,-1.12597,-4.11477
7.59,0,0,0,0,0,0,2.33754,-3.30897,-2.16156
7.686,0,0,0,0,0,0,1.51412,-3.73025,-4.49775
7.785,0,0,0,0,0,0,0.0970863,-1.39406,-1.79772
7.885,0,0,0,0,0,0,0.288578,-3.53876,-4.07647
7.98,0,0,0,0,0,0,-0.381641,-1.87279,-5.16797
8.076,0,0,0,0,0,0,-0.917817,-2.81109,-3.25305
8.178,0,0,0,0,0,0,-3.06252,-3.42387,-3.52114
8.275,0,0,0,0,0,0,-5.16892,-4.63026,0.0405968
8.375,0,0,0,0,0,0,-6.52851,-2.40896,-1.62538
8.47,0,0,0,0,0,0,-7.71575,-2.71535,-1.97006
8.57,0,0,0,0,0,0,-6.89234,-1.35576,-1.74027
8.67,0,0,0,0,0,0,-6.5668,-2.63875,-0.47643
8.761,0,0,0,0,0,0,-7.44766,-2.37066,-1.41474
8.86,0,0,0,0,0,0,-8.04129,-1.94938,-3.13816
8.955,0,0,0,0,0,0,-7.37107,-1.01108,-3.36795
9.05,0,0,0,0,0,0,-7.86894,-1.43236,-2.35305
9.145,0,0,0,0,0,0,-7.60086,-2.27492,-1.85517
9.245,0,0,0,0,0,0,-7.44766,-1.91109,-2.79348
9.34,0,0,0,0,0,0,-8.63491,-1.87279,-3.21476
9.435,0,0,0,0,0,0,-6.5668,-1.20257,-3.25305
9.531,0,0,0,0,0,0,-8.09873,-2.88769,-3.2722
9.631,0,0,0,0,0,0,-8.04129,-1.33661,-3.29135
9.725,0,0,0,0,0,0,-7.37107,-0.704688,-3.88498
9.825,0,0,0,0,0,0,-7.75405,-2.10258,-2.12326
9.92,0,0,0,0,0,0,-7.37107,-2.38981,-1.70198
10.015,0,0,0,0,0,0,-6.73915,-3.28982,-1.68283
10.11,0,0,0,0,0,0,-6.87319,-0.4366,-2.52539
10.205,0,0,0,0,0,0,-7.35192,-1.71959,-3.54029
10.305,0,0,0,0,0,0,-7.33277,-2.06428,-2.60198
10.398,0,0,0,0,0,0,-7.50511,-2.35152,-1.07006
10.495,0,0,0,0,0,0,-6.6434,-2.21747,-2.3722
10.595,0,0,0,0,0,0,-6.98808,-0.360003,-2.94667
10.69,0,0,0,0,0,0,-7.16043,-1.41321,-2.71688
10.785,0,0,0,0,0,0,-7.12213,-1.04938,-1.2807
10.883,0,0,0,0,0,0,-6.01148,-2.31322,-1.74027
10.98,0,0,0,0,0,0,-5.85829,0.0804262,-3.15731
11.075,0,0,0,0,0,0,-5.97318,-1.6047,-1.39559
11.17,0,0,0,0,0,0,-6.24127,-1.37491,-2.1807
11.27,0,0,0,0,0,0,-5.81999,-0.819582,-1.39559
11.363,0,0,0,0,0,0,-5.87744,-1.08767,-1.87432
11.46,0,0,0,0,0,0,-5.93488,-1.48981,-2.98497
11.555,0,0,0,0,0,0,-5.22637,-0.474898,-2.98497
11.655,0,0,0,0,0,0,-5.5136,-1.37491,-1.1275
11.75,0,0,0,0,0,0,-5.5519,0.0804262,-1.87432
11.845,0,0,0,0,0,0,-5.76254,-0.857881,-1.51048
11.941,0,0,0,0,0,0,-5.13062,-0.857881,-2.1807
12.038,0,0,0,0,0,0,-5.24551,-0.742986,-3.19561
12.135,0,0,0,0,0,0,-5.09232,-1.94938,-1.91262
12.235,0,0,0,0,0,0,-4.95828,-0.513196,-1.83602
12.33,0,0,0,0,0,0,-4.537,-0.896179,-1.35729
12.425,0,0,0,0,0,0,-4.24976,0.157023,-1.75942
12.523,0,0,0,0,0,0,-4.4604,-0.781284,-2.85092
12.625,0,0,0,0,0,0,-4.76679,-1.45151,-2.48709
12.715,0,0,0,0,0,0,-4.28806,-1.85364,-1.87432
12.815,0,0,0,0,0,0,-4.65189,-0.742986,-2.06581
12.911,0,0,0,0,0,0,-3.90508,-1.6047,-2.41049
13.005,0,0,0,0,0,0,-3.98167,-1.01108,-1.39559
13.105,0,0,0,0,0,0,-4.4221,-0.398302,-2.06581
13.2,0,0,0,0,0,0,-3.61784,-2.06428,-1.64453
13.3,0,0,0,0,0,0,-3.94337,-1.6813,-1.51048
13.4,0,0,0,0,0,0,-4.01997,-0.87703,-1.58708
13.497,0,0,0,0,0,0,-3.50294,-0.972775,-1.54878
13.595,0,0,0,0,0,0,-3.65614,-0.781284,-1.47219
13.691,0,0,0,0,0,0,-3.54124,-1.6047,-1.35729
13.79,0,0,0,0,0,0,-3.23486,-1.20257,-1.54878
13.89,0,0,0,0,0,0,-3.19656,-0.245109,-2.14241
13.988,0,0,0,0,0,0,-3.42635,-0.589793,-1.47219
14.085,0,0,0,0,0,0,-3.31145,-1.10682,-0.89771
14.185,0,0,0,0,0,0,-3.46465,-0.666389,-1.72113
14.28,0,0,0,0,0,0,-3.15826,-0.264258,-1.2041
14.38,0,0,0,0,0,0,-3.06252,-0.628091,-2.41049
14.478,0,0,0,0,0,0,-2.98592,-0.168512,-2.02751
14.575,0,0,0,0,0,0,-3.27316,-1.29831,-1.1658
14.675,0,0,0,0,0,0,-2.90932,-0.87703,-1.72113
14.775,0,0,0,0,0,0,-3.42635,-0.187661,-1.2041
14.87,0,0,0,0,0,0,-2.71783,-0.551495,-1.35729
14.964,0,0,0,0,0,0,-2.71783,-1.20257,-0.782815
15.065,0,0,0,0,0,0,-3.02422,-0.857881,-1.1658
15.165,0,0,0,0,0,0,-2.52634,-1.26002,-1.72113
15.26,0,0,0,0,0,0,-2.83273,-0.819582,-1.54878
15.354,0,0,0,0,0,0,-2.75613,-0.819582,-1.2807
15.455,0,0,0,0,0,0,-2.52634,-0.589793,-1.58708
15.555,0,0,0,0,0,0,-2.64123,-0.168512,-1.39559
15.651,0,0,0,0,0,0,-2.52634,-0.896179,-1.1275
15.75,0,0,0,0,0,0,-2.52634,-0.130214,-1.2424
15.85,0,0,0,0,0,0,-2.52634,-0.704688,-0.936008
15.95,0,0,0,0,0,0,-2.2008,-0.0344686,-1.60623
16.045,0,0,0,0,0,0,-2.60294,-0.762135,-1.2424
16.14,0,0,0,0,0,0,-2.98592,-0.4366,-1.01261
16.24,0,0,0,0,0,0,-2.2008,-0.934477,-1.05091
16.34,0,0,0,0,0,0,-2.2391,-0.742986,-0.936008
16.435,0,0,0,0,0,0,-2.2008,-0.666389,-1.31899
16.533,0,0,0,0,0,0,-2.2391,-0.819582,-0.974307
16.634,0,0,0,0,0,0,-2.08591,-0.360003,-0.821114
16.73,0,0,0,0,0,0,-2.60294,-0.264258,-1.35729
16.827,0,0,0,0,0,0,-1.83697,-0.666389,-1.51048
16.925,0,0,0,0,0,0,-1.97102,-0.245109,-1.2807
17.02,0,0,0,0,0,0,-1.83697,-1.01108,-1.35729
17.12,0,0,0,0,0,0,-2.08591,-0.4366,-1.31899
17.215,0,0,0,0,0,0,-2.16251,-0.360003,-0.859412
17.31,0,0,0,0,0,0,-2.00931,-0.398302,-1.47219
17.404,0,0,0,0,0,0,-2.08591,-0.551495,-1.1275
17.505,0,0,0,0,0,0,-1.49229,-0.628091,-0.782815
17.6,0,0,0,0,0,0,-1.64548,-0.474898,-1.2041
17.695,0,0,0,0,0,0,-1.64548,-0.896179,-0.667921
17.792,0,0,0,0,0,0,-1.72208,-0.245109,-1.1658
17.888,0,0,0,0,0,0,-1.49229,-0.628091,-0.974307
17.985,0,0,0,0,0,0,-1.33909,-0.819582,-0.667921
18.085,0,0,0,0,0,0,-1.41569,-0.474898,-0.936008
18.18,0,0,0,0,0,0,-1.79867,-0.321705,-1.2807
18.273,0,0,0,0,0,0,-1.72208,-0.474898,-1.0892
18.371,0,0,0,0,0,0,-1.33909,-0.781284,-0.936008
18.465,0,0,0,0,0,0,-1.37739,-0.704688,-1.01261
18.563,0,0,0,0,0,0,-1.60718,-0.283407,-1.2424
18.66,0,0,0,0,0,0,-1.20505,-0.398302,-0.782815
18.76,0,0,0,0,0,0,-1.16675,-0.0153195,-0.782815
18.855,0,0,0,0,0,0,-1.72208,-0.513196,-0.89771
18.955,0,0,0,0,0,0,-1.33909,-0.513196,-1.1658
19.05,0,0,0,0,0,0,-1.33909,-0.589793,-0.667921
19.15,0,0,0,0,0,0,-1.3008,-0.398302,-0.821114
19.25,0,0,0,0,0,0,-1.45399,-0.781284,-0.974307
19.345,0,0,0,0,0,0,-1.3008,-0.0536176,-0.936008
19.445,0,0,0,0,0,0,-1.05186,-0.742986,-0.533877
19.541,0,0,0,0,0,0,-1.05186,-0.781284,-0.89771
19.64,0,0,0,0,0,0,-0.936966,-0.321705,-0.859412
19.738,0,0,0,0,0,0,-1.2625,-0.551495,-1.31899
19.838,0,0,0,0,0,0,-1.12845,-0.398302,-0.821114
19.935,0,0,0,0,0,0,-0.783773,-0.666389,-0.821114
20.035,0,0,0,0,0,0,-1.16675,-0.628091,-0.706219
20.129,0,0,0,0,0,0,-1.01356,0.00382967,-1.2041
20.225,0,0,0,0,0,0,-1.2625,-0.398302,-0.706219
20.325,0,0,0,0,0,0,-0.707176,-0.321705,-0.706219
20.422,0,0,0,0,0,0,-1.01356,-0.781284,-0.744517
20.52,0,0,0,0,0,0,-1.05186,-0.283407,-0.821114
20.62,0,0,0,0,0,0,-1.09016,-0.800433,-0.782815
20.715,0,0,0,0,0,0,-0.975264,-0.666389,-0.936008
20.815,0,0,0,0,0,0,-1.12845,-0.589793,-1.05091
20.911,0,0,0,0,0,0,-1.2625,-0.283407,-1.05091
21.007,0,0,0,0,0,0,-0.898668,-0.666389,-0.859412
21.105,0,0,0,0,0,0,-0.898668,-0.551495,-0.667921
21.205,0,0,0,0,0,0,-0.898668,-0.628091,-0.495579
21.3,0,0,0,0,0,0,-0.975264,-0.360003,-1.01261
21.399,0,0,0,0,0,0,-1.01356,-0.4366,-0.706219
21.498,0,0,0,0,0,0,-0.860369,-0.321705,-0.936008
21.595,0,0,0,0,0,0,-0.898668,-0.360003,-0.667921
21.695,0,0,0,0,0,0,-0.783773,-0.398302,-0.936008
21.79,0,0,0,0,0,0,-0.822071,-0.551495,-0.782815
21.888,0,0,0,0,0,0,-0.668878,-0.474898,-0.495579
21.985,0,0,0,0,0,0,-0.975264,-0.283407,-0.667921
22.085,0,0,0,0,0,0,-0.668878,-0.838731,-0.782815
22.18,0,0,0,0,0,0,-0.707176,-0.187661,-0.744517
22.276,0,0,0,0,0,0,-0.783773,-0.321705,-0.706219
22.375,0,0,0,0,0,0,-0.822071,-0.474898,-0.821114
22.473,0,0,0,0,0,0,-1.09016,-0.360003,-0.667921
22.57,0,0,0,0,0,0,-0.936966,-0.321705,-0.629622
22.67,0,0,0,0,0,0,-1.01356,-0.551495,-0.706219
22.765,0,0,0,0,0,0,-0.573133,-0.800433,-0.648772
22.86,0,0,0,0,0,0,-0.822071,-0.360003,-0.706219
22.954,0,0,0,0,0,0,-0.63058,-0.589793,-0.706219
23.051,0,0,0,0,0,0,-0.707176,-0.513196,-0.782815
23.145,0,0,0,0,0,0,-0.707176,-0.22596,-0.744517
23.245,0,0,0,0,0,0,-0.783773,-0.398302,-0.572175
23.34,0,0,0,0,0,0,-0.783773,-0.4366,-0.706219
23.436,0,0,0,0,0,0,-0.707176,-0.4366,-0.667921
23.535,0,0,0,0,0,0,225.999,6.36133,1.26614
23.63,0,0,0,0,0,0,-4.36466,1.32512,0.346983
23.73,0,0,0,0,0,0,-1.97102,-0.321705,-1.2424
23.83,0,0,0,0,0,0,-7.44766,-5.26218,15.6663
23.93,0,0,0,0,0,0,-11.4881,3.87195,0.825711
24.025,0,0,0,0,0,0,-13.3839,1.32512,-0.974307
24.122,0,0,0,0,0,0,-123.434,22.4466,32.7665
24.22,0,0,0,0,0,0,-71.9419,3.43152,-20.5064
24.32,0,0,0,0,0,0,-38.4884,-36.1114,-59.4365
24.42,0,0,0,0,0,0,-23.9925,-26.173,-20.4298
24.515,0,0,0,0,0,0,-14.4371,-11.4474,-0.265789
24.611,0,0,0,0,0,0,-0.0561066,-3.96004,4.10021
24.71,0,0,0,0,0,0,2.70137,1.28682,-1.95091
24.81,0,0,0,0,0,0,2.89286,-0.589793,0.442728
24.905,0,0,0,0,0,0,-0.783773,-12.041,-1.64453
25,0,0,0,0,0,0,-2.58379,-6.67922,-1.58708
25.105,0,0,0,0,0,0,-5.5136,-7.82816,32.8047
25.2,0,0,0,0,0,0,-6.96894,-20.1985,21.5642
25.295,0,0,0,0,0,0,-0.649729,-7.98136,6.99172
25.395,0,0,0,0,0,0,-1.39654,-9.45584,5.82363
25.495,0,0,0,0,0,0,-0.209299,-17.2686,-1.83602
25.59,0,0,0,0,0,0,-0.247598,-26.288,-8.90205
25.687,0,0,0,0,0,0,0.135385,-9.34094,-5.66584
25.784,0,0,0,0,0,0,-5.18807,4.44642,-3.04241
25.885,0,0,0,0,0,0,-3.90508,11.1103,-3.4254
25.983,0,0,0,0,0,0,-0.707176,7.72092,-3.19561
26.08,0,0,0,0,0,0,-0.573133,2.20597,-0.974307
26.174,0,0,0,0,0,0,-0.84122,1.5549,-0.170044
26.275,0,0,0,0,0,0,-0.247598,1.24852,-0.361535
26.375,0,0,0,0,0,0,-2.98592,5.80601,0.308684
26.47,0,0,0,0,0,0,-7.60086,33.1893,3.94701
26.565,0,0,0,0,0,0,2.62477,11.6657,0.787412
26.665,0,0,0,0,0,0,1.62902,2.7996,6.53215
26.763,0,0,0,0,0,0,-4.17316,-21.3666,13.4833
26.86,0,0,0,0,0,0,-11.3732,-30.7305,22.2727
26.956,0,0,0,0,0,0,-3.46465,-19.5283,11.1471
27.055,0,0,0,0,0,0,0.0587881,-15.6218,3.48744
27.15,0,0,0,0,0,0,0.326876,-9.68563,-3.94242
27.25,0,0,0,0,0,0,0.690709,7.03155,-10.2999
27.345,0,0,0,0,0,0,-8.15618,12.221,-8.11693
27.443,0,0,0,0,0,0,-10.1477,14.672,-2.69773
27.54,0,0,0,0,0,0,-8.21363,10.6507,-1.51048
27.638,0,0,0,0,0,0,-6.79659,4.92515,-2.52539
27.735,0,0,0,0,0,0,-7.44766,-3.27067,-7.29352
27.835,0,0,0,0,0,0,-7.44766,-6.60262,-11.7552
27.93,0,0,0,0,0,0,-6.77744,-7.0622,-13.9957
28.021,0,0,0,0,0,0,-4.4604,-5.62602,-12.9617
28.12,0,0,0,0,0,0,-0.802922,-1.98768,-8.6914
28.215,0,0,0,0,0,0,-0.688027,-0.934477,-7.7531
28.31,0,0,0,0,0,0,0.786455,-1.79619,-6.47011
28.407,0,0,0,0,0,0,1.05455,-1.643,-6.06798
28.506,0,0,0,0,0,0,0.116236,0.903838,-6.08712
28.605,0,0,0,0,0,0,1.05455,1.01873,-7.86799
28.7,0,0,0,0,0,0,-3.75188,7.45283,-16.0446
28.795,0,0,0,0,0,0,-3.94337,12.3359,-16.5617
28.89,0,0,0,0,0,0,-8.65406,15.2656,-7.48501
28.988,0,0,0,0,0,0,-10.3392,10.2295,4.11936
29.085,0,0,0,0,0,0,-14.4946,9.02306,12.1619
29.184,0,0,0,0,0,0,-13.8435,6.66772,12.5449
29.28,0,0,0,0,0,0,-13.269,6.36133,7.08747
29.375,0,0,0,0,0,0,-8.32852,-5.31963,-4.59349
29.475,0,0,0,0,0,0,-6.52851,-10.7772,-5.18712
29.575,0,0,0,0,0,0,-9.01789,-17.058,-7.37012
29.674,0,0,0,0,0,0,-8.40512,-15.0282,-3.82753
29.77,0,0,0,0,0,0,-7.02638,-9.72393,-3.67434
29.865,0,0,0,0,0,0,-7.75405,-7.31114,-4.4403
29.962,0,0,0,0,0,0,-4.28806,-4.8409,-4.99562
30.06,0,0,0,0,0,0,-1.95187,-2.6196,-1.85517
30.157,0,0,0,0,0,0,-0.171001,-3.44302,1.61082
30.255,0,0,0,0,0,0,-0.343343,-2.54301,2.81722
30.355,0,0,0,0,0,0,0.441771,-2.06428,3.98531
30.45,0,0,0,0,0,0,0.633262,-1.06852,4.2534
30.549,0,0,0,0,0,0,0.403473,-1.10682,5.44065
30.645,0,0,0,0,0,0,-6.06893,-21.1368,23.1536
30.745,0,0,0,0,0,0,0.499218,-14.7601,25.7387
30.84,0,0,0,0,0,0,9.82481,-13.2857,13.4259
30.938,0,0,0,0,0,0,12.0844,-24.6985,11.5875
31.035,0,0,0,0,0,0,18.9015,-21.9219,12.4109
31.135,0,0,0,0,0,0,3.69712,-10.0495,43.7197
31.23,0,0,0,0,0,0,-11.8137,-25.3113,39.5069
31.325,0,0,0,0,0,0,-8.34767,-21.0985,11.5875
31.425,0,0,0,0,0,0,-5.89658,-9.97285,-4.57434
31.525,0,0,0,0,0,0,-2.92847,2.01448,-2.00836
31.62,0,0,0,0,0,0,-1.47314,0.808093,1.89806
31.72,0,0,0,0,0,0,-1.39654,2.16768,2.1853
31.815,0,0,0,0,0,0,-1.56888,1.24852,1.24699
31.915,0,0,0,0,0,0,-1.35824,2.99109,-0.0359997
32.01,0,0,0,0,0,0,-4.40295,2.6847,0.902307
32.11,0,0,0,0,0,0,-6.77744,7.0124,0.270386
32.205,0,0,0,0,0,0,-7.92639,4.75281,1.62997
32.305,0,0,0,0,0,0,-8.52001,0.21447,-4.19136
32.399,0,0,0,0,0,0,-13.6137,15.1508,-10.2233
32.5,0,0,0,0,0,0,-11.3541,16.2806,-1.05091
32.595,0,0,0,0,0,0,-12.5413,11.8188,9.99816
32.695,0,0,0,0,0,0,-5.07317,-4.70686,6.37895
32.79,0,0,0,0,0,0,-2.73698,-5.66431,-0.438131
32.886,0,0,0,0,0,0,-3.61784,-9.93459,-1.18495
32.985,0,0,0,0,0,0,-11.3541,-13.8218,-8.90205
33.08,0,0,0,0,0,0,-9.45832,-9.18775,-5.32116
33.176,0,0,0,0,0,0,-11.2583,1.6315,5.21086
33.269,0,0,0,0,0,0,-10.8754,10.2103,15.379
33.37,0,0,0,0,0,0,-15.1073,9.1954,23.7089
33.465,0,0,0,0,0,0,-7.16043,1.7464,12.9471
33.56,0,0,0,0,0,0,-6.01148,-3.02174,9.02153
33.659,0,0,0,0,0,0,-2.41145,-1.89194,2.87466
33.755,0,0,0,0,0,0,-6.29872,-0.0919159,3.54488
33.845,0,0,0,0,0,0,-6.72,3.46982,-3.21476
33.945,0,0,0,0,0,0,-6.04978,3.06769,-0.438131
34.041,0,0,0,0,0,0,-4.97743,-0.360003,-1.18495
34.138,0,0,0,0,0,0,-0.132703,-3.06003,-4.38285
34.235,0,0,0,0,0,0,0.211981,-3.28982,-5.07222
34.335,0,0,0,0,0,0,-0.975264,-4.57281,-8.44247
34.425,0,0,0,0,0,0,-1.91357,1.07618,-12.6553
34.52,0,0,0,0,0,0,-1.01356,1.7081,-11.9659
34.621,0,0,0,0,0,0,-0.975264,4.08259,-10.0893
34.715,0,0,0,0,0,0,-1.28165,7.91241,-8.51906
34.81,0,0,0,0,0,0,0.690709,9.90388,-8.32757
34.91,0,0,0,0,0,0,-0.094405,13.0635,-2.85092
35.01,0,0,0,0,0,0,-0.132703,12.6805,3.1619
35.105,0,0,0,0,0,0,-2.2008,7.29964,1.70657
35.205,0,0,0,0,0,0,-7.08383,-2.35152,-9.26588
35.3,0,0,0,0,0,0,-13.3648,-10.7579,-19.1851
35.4,0,0,0,0,0,0,-13.4796,-5.95155,-18.7639
35.495,0,0,0,0,0,0,-11.6222,-3.13663,-11.1425
35.59,0,0,0,0,0,0,-10.2434,2.26342,-0.89771
35.69,0,0,0,0,0,0,-9.61151,5.17409,2.147
35.788,0,0,0,0,0,0,-7.12213,4.8677,-0.0359997
35.885,0,0,0,0,0,0,-4.76679,-4.93665,-4.09562
35.983,0,0,0,0,0,0,2.28009,-6.10474,-1.26155
36.08,0,0,0,0,0,0,5.93757,-6.64092,-0.361535
36.18,0,0,0,0,0,0,5.63119,-4.45792,-0.667921
36.274,0,0,0,0,0,0,5.22905,-4.93665,-0.821114
36.375,0,0,0,0,0,0,5.38225,-4.41962,0.232088
36.47,0,0,0,0,0,0,6.01417,-6.41113,-2.81263
36.57,0,0,0,0,0,0,19.2845,-11.5623,-6.27862
36.67,0,0,0,0,0,0,16.3739,0.310216,-15.9298
36.768,0,0,0,0,0,0,15.3781,-10.3176,-7.81055
36.865,0,0,0,0,0,0,5.70778,-21.1751,6.01512
36.963,0,0,0,0,0,0,20.6441,-15.4687,12.3918
37.065,0,0,0,0,0,0,26.1207,-5.74091,9.69175
37.16,0,0,0,0,0,0,7.75674,40.8106,-19.1851
37.254,0,0,0,0,0,0,-4.91998,39.2404,-8.15523
37.355,0,0,0,0,0,0,1.28434,23.5381,-0.495579
37.455,0,0,0,0,0,0,6.93333,6.97411,0.155491
37.55,0,0,0,0,0,0,7.20141,4.23578,-0.304087
37.645,0,0,0,0,0,0,9.13547,3.14428,-0.553026
37.745,0,0,0,0,0,0,6.64609,-0.398302,-1.64453
37.84,0,0,0,0,0,0,4.52054,1.82299,-1.49134
37.938,0,0,0,0,0,0,-5.36041,29.3211,-21.4639
38.038,0,0,0,0,0,0,-8.8264,23.5381,-18.4
38.135,0,0,0,0,0,0,-16.0074,26.1232,-2.85092
38.23,0,0,0,0,0,0,-8.59661,-11.1793,1.32358
38.325,0,0,0,0,0,0,-6.62425,-12.1559,-7.84884
38.425,0,0,0,0,0,0,-5.5519,-5.47282,-11.9659
38.521,0,0,0,0,0,0,-5.5136,0.769795,-10.5489
38.62,0,0,0,0,0,0,-6.14552,8.85072,-4.61264
38.715,0,0,0,0,0,0,-8.30937,15.2274,5.49809
38.815,0,0,0,0,0,0,-8.7881,13.0635,12.2194
38.91,0,0,0,0,0,0,-6.81574,11.0721,13.196
39.005,0,0,0,0,0,0,-5.07317,10.2869,9.61515
39.097,0,0,0,0,0,0,-1.47314,7.41454,4.13851
39.195,0,0,0,0,0,0,0.652411,3.43152,0.155491
39.29,0,0,0,0,0,0,1.95455,1.82299,-0.936008
39.385,0,0,0,0,0,0,0.690709,2.45491,0.0788949
39.481,0,0,0,0,0,0,-2.43059,-2.16002,-3.08071
39.58,0,0,0,0,0,0,-10.0137,-23.09,-20.6596
39.676,0,0,0,0,0,0,-11.6796,-14.1857,0.787412
39.77,0,0,0,0,0,0,-6.70085,3.43152,11.7982
39.87,0,0,0,0,0,0,-8.07958,22.6764,-1.79772
39.965,0,0,0,0,0,0,-9.01789,19.7465,-14.417
40.06,0,0,0,0,0,0,-4.76679,8.92732,-12.0617
40.159,0,0,0,0,0,0,-3.61784,3.62301,-8.11693
40.255,0,0,0,0,0,0,-2.50719,0.42511,-6.39351
40.353,0,0,0,0,0,0,0.46092,-0.0153195,-2.02751
40.45,0,0,0,0,0,0,-0.802922,-0.20681,-1.87432
40.55,0,0,0,0,0,0,0.575815,0.693198,-1.75942
40.65,0,0,0,0,0,0,-1.79867,1.97619,-4.4403
40.747,0,0,0,0,0,0,1.16944,1.36341,-2.48709
40.845,0,0,0,0,0,0,1.82051,2.41662,-3.00412
40.945,0,0,0,0,0,0,2.10775,3.62301,-3.23391
41.043,0,0,0,0,0,0,0.518367,26.6402,-41.7811
41.14,0,0,0,0,0,0,7.4312,27.7509,-6.87224
41.24,0,0,0,0,0,0,19.8398,31.9829,-17.8064
41.338,0,0,0,0,0,0,8.31206,-2.54301,-9.68716
41.435,0,0,0,0,0,0,-6.94979,-33.8901,20.3961
41.535,0,0,0,0,0,0,-4.5753,-27.839,7.98748
41.635,0,0,0,0,0,0,2.77797,-16.9049,0.902307
41.735,0,0,0,0,0,0,5.53544,-5.39623,-2.14241
41.83,0,0,0,0,0,0,5.61204,0.21447,-0.0359997
41.925,0,0,0,0,0,0,4.59713,1.5932,-0.859412
42.025,0,0,0,0,0,0,-2.16251,7.41454,-15.7383
42.125,0,0,0,0,0,0,-2.354,18.8082,6.18746
42.221,0,0,0,0,0,0,-1.24335,9.36775,21.277
42.32,0,0,0,0,0,0,4.52054,9.94224,17.9642
42.42,0,0,0,0,0,0,10.0929,4.9826,4.55979
42.515,0,0,0,0,0,0,8.94398,8.2188,5.45979
42.615,0,0,0,0,0,0,8.82909,8.62093,-1.52963
42.711,0,0,0,0,0,0,9.05888,16.1273,-17.6341
42.81,0,0,0,0,0,0,14.0376,14.672,-4.76584
42.913,0,0,0,0,0,0,14.4397,7.49113,10.5918
43.01,0,0,0,0,0,0,10.0929,10.172,19.6876
43.11,0,0,0,0,0,0,7.04822,17.6019,20.4153
43.205,0,0,0,0,0,0,8.5993,9.48264,6.01512
43.305,0,0,0,0,0,0,-1.47314,12.0486,0.155491
43.4,0,0,0,0,0,0,-1.83697,9.59754,-4.84243
43.5,0,0,0,0,0,0,-2.66038,7.64432,-9.32333
43.6,0,0,0,0,0,0,-2.77528,4.67621,-11.4106
43.695,0,0,0,0,0,0,-4.80509,5.9209,-11.6403
43.79,0,0,0,0,0,0,-5.70509,7.49113,-7.56161
43.89,0,0,0,0,0,0,-7.16043,6.85921,2.22359
43.988,0,0,0,0,0,0,-5.26466,-0.551495,4.67468
44.085,0,0,0,0,0,0,-4.09657,-2.86854,2.147
44.175,0,0,0,0,0,0,-0.534834,-0.245109,-0.47643
44.275,0,0,0,0,0,0,-4.24976,-4.45792,1.24699
44.371,0,0,0,0,0,0,-11.469,-0.0536176,-0.0934471
44.472,0,0,0,0,0,0,-20.6797,4.40812,-0.361535
44.575,0,0,0,0,0,0,-15.586,7.52943,-5.35946
44.671,0,0,0,0,0,0,-11.3158,2.6464,-12.234
44.77,0,0,0,0,0,0,-10.569,-4.64941,-12.234
44.865,0,0,0,0,0,0,-7.16043,-9.22605,-9.18928
44.965,0,0,0,0,0,0,-8.97959,-12.6155,-6.29776
45.06,0,0,0,0,0,0,-5.5136,-15.0474,-2.58284
45.16,0,0,0,0,0,0,-6.18382,-12.3856,-1.0892
45.255,0,0,0,0,0,0,-6.49021,-12.941,0.0405968
45.355,0,0,0,0,0,0,-10.1285,-6.52602,1.13209
45.455,0,0,0,0,0,0,-11.5073,-0.838731,3.1236
45.55,0,0,0,0,0,0,-11.6222,2.723,2.1853
45.65,0,0,0,0,0,0,-7.44766,0.922988,0.155491
45.75,0,0,0,0,0,0,-3.84763,-0.87703,-3.94242
45.85,0,0,0,0,0,0,-0.936966,-1.85364,-5.34031
45.945,0,0,0,0,0,0,-0.305045,0.0612771,-7.84884
46.04,0,0,0,0,0,0,0.805604,2.49321,-6.91054
46.14,0,0,0,0,0,0,2.29924,3.39322,-4.05732
46.24,0,0,0,0,0,0,3.52478,9.59754,-4.99562
46.335,0,0,0,0,0,0,3.37159,4.31238,-3.98072
46.435,0,0,0,0,0,0,3.37159,4.8294,-1.2424
46.531,0,0,0,0,0,0,2.06945,5.65282,-0.380684
46.631,0,0,0,0,0,0,2.66307,3.35492,0.289535
46.73,0,0,0,0,0,0,13.2717,41.251,8.56195
46.83,0,0,0,0,0,0,23.2483,18.6933,1.95551
46.925,0,0,0,0,0,0,26.5994,5.42303,-11.4489
47.025,0,0,0,0,0,0,14.6312,-21.4049,-10.434
47.124,0,0,0,0,0,0,-1.91357,-42.2009,-1.79772
47.22,0,0,0,0,0,0,0.843902,-27.1879,6.41725
47.32,0,0,0,0,0,0,2.22264,-16.5984,7.16407
47.415,0,0,0,0,0,0,4.00351,-6.37283,5.36405
47.515,0,0,0,0,0,0,2.31839,-4.82175,5.3066
47.611,0,0,0,0,0,0,-3.06252,-6.88986,12.4684
47.712,0,0,0,0,0,0,-5.70509,-10.3176,10.63
47.81,0,0,0,0,0,0,-6.89234,-12.0026,5.86193
47.907,0,0,0,0,0,0,-6.96894,-5.54942,-0.0359997
48.005,0,0,0,0,0,0,-9.30513,-1.37491,2.37679
48.108,0,0,0,0,0,0,-7.79235,-0.0919159,7.01087
48.205,0,0,0,0,0,0,-7.19873,-0.398302,7.35556
48.3,0,0,0,0,0,0,-7.00723,-0.953626,9.36622
48.395,0,0,0,0,0,0,-8.04129,-9.45584,9.73005
48.491,0,0,0,0,0,0,-7.12213,-12.8261,5.49809
48.59,0,0,0,0,0,0,-10.3966,-16.675,3.81297
48.687,0,0,0,0,0,0,-7.88809,-11.9261,1.85976
48.785,0,0,0,0,0,0,-7.98384,-8.91966,1.18954
48.88,0,0,0,0,0,0,-7.08383,-4.11323,2.1087
48.98,0,0,0,0,0,0,-14.0732,-4.30473,6.20661
49.08,0,0,0,0,0,0,-13.0584,-0.742986,3.85127
49.175,0,0,0,0,0,0,-14.418,2.87619,4.94277
49.275,0,0,0,0,0,0,-13.7669,7.41454,4.40659
49.375,0,0,0,0,0,0,-12.3116,9.82736,4.71298
49.47,0,0,0,0,0,0,-9.15194,11.6273,2.30019
49.57,0,0,0,0,0,0,-7.75405,13.3507,0.0788949
49.667,0,0,0,0,0,0,-2.90932,11.1869,0.346983
49.765,0,0,0,0,0,0,1.24604,8.42944,0.729965
49.865,0,0,0,0,0,0,4.59713,4.44642,1.62997
49.964,0,0,0,0,0,0,5.38225,3.54641,2.72147
50.06,0,0,0,0,0,0,5.55459,3.50811,3.31509
50.16,0,0,0,0,0,0,4.80777,3.22088,4.52149
50.255,0,0,0,0,0,0,4.63543,1.97619,4.88532
50.35,0,0,0,0,0,0,4.36734,0.252768,5.01936
50.449,0,0,0,0,0,0,3.98436,-2.56216,4.90447
50.55,0,0,0,0,0,0,1.38008,-12.4431,12.9471
50.645,0,0,0,0,0,0,8.40781,-4.59196,0.672518
50.74,0,0,0,0,0,0,9.28867,-14.4729,11.1087
50.84,0,0,0,0,0,0,9.36526,-11.026,6.97258
50.935,0,0,0,0,0,0,10.2653,1.65065,5.24915
51.032,0,0,0,0,0,0,-4.3838,2.58896,20.2429
51.129,0,0,0,0,0,0,-7.90724,10.8039,18.0982
51.23,0,0,0,0,0,0,-7.7349,6.22729,14.4791
51.325,0,0,0,0,0,0,-8.92215,3.52726,13.1769
51.42,0,0,0,0,0,0,-11.0094,4.54217,9.34707
51.52,0,0,0,0,0,0,-16.218,7.62518,-0.936008
51.62,0,0,0,0,0,0,-16.6201,5.36558,-9.20843
51.715,0,0,0,0,0,0,-13.0966,-1.39406,-7.14033
51.815,0,0,0,0,0,0,-13.5754,-8.90051,-5.6084
51.913,0,0,0,0,0,0,-11.6413,-16.7325,2.1853
52.009,0,0,0,0,0,0,-9.59237,-20.7155,8.33216
52.11,0,0,0,0,0,0,-2.04761,-13.6878,8.21727
52.209,0,0,0,0,0,0,-4.4987,-7.67497,11.4535
52.305,0,0,0,0,0,0,-6.91149,-0.819582,13.828
52.405,0,0,0,0,0,0,-8.71151,0.559154,18.0024
52.505,0,0,0,0,0,0,-9.74556,-2.29407,15.7045
52.6,0,0,0,0,0,0,-5.39871,-1.75789,6.34065
52.7,0,0,0,0,0,0,-1.2625,-0.896179,1.64912
52.795,0,0,0,0,0,0,-0.362492,1.38256,-0.189193
52.894,0,0,0,0,0,0,0.786455,2.05278,0.136342
52.99,0,0,0,0,0,0,0.67156,3.8145,0.634219
53.085,0,0,0,0,0,0,1.93541,3.18258,5.51724
53.185,0,0,0,0,0,0,0.977946,4.23578,4.15765
53.282,0,0,0,0,0,0,-2.56464,9.3103,10.8407
53.375,0,0,0,0,0,0,-1.70293,10.3635,23.2302
53.475,0,0,0,0,0,0,-0.343343,26.1806,22.3876
53.575,0,0,0,0,0,0,8.73334,17.238,3.14275
53.665,0,0,0,0,0,0,7.68014,7.51028,-0.572175
53.763,0,0,0,0,0,0,0.0396389,5.55707,20.7983
53.861,0,0,0,0,0,0,-6.27957,25.6062,19.1897
53.957,0,0,0,0,0,0,-1.81782,17.7934,-2.83177
54.054,0,0,0,0,0,0,-0.228448,8.1805,-16.3128
54.153,0,0,0,0,0,0,-1.58803,-5.98985,-4.74669
54.25,0,0,0,0,0,0,-11.2966,-3.02174,28.6111
54.345,0,0,0,0,0,0,-9.78386,1.76554,29.4919
54.44,0,0,0,0,0,0,-7.37107,7.14645,22.8281
54.54,0,0,0,0,0,0,-3.79018,4.84855,11.7982
54.635,0,0,0,0,0,0,-6.06893,2.07193,-13.2489
54.732,0,0,0,0,0,0,-8.04129,-2.96429,-22.8617
54.83,0,0,0,0,0,0,-8.32852,-0.685538,-20.7362
54.922,0,0,0,0,0,0,-4.65189,4.12089,-9.59141
55.025,0,0,0,0,0,0,-5.83914,7.1273,5.68958
55.12,0,0,0,0,0,0,-12.637,13.5997,3.90872
55.215,0,0,0,0,0,0,-8.55831,9.1954,15.0535
55.315,0,0,0,0,0,0,-4.5753,11.2635,9.90241
55.41,0,0,0,0,0,0,-1.1093,11.6465,9.7875
55.505,0,0,0,0,0,0,0.23113,10.3635,5.84278
55.605,0,0,0,0,0,0,-1.70293,4.73366,-0.112596
55.702,0,0,0,0,0,0,-4.74764,-2.83024,-5.22541
55.8,0,0,0,0,0,0,-8.13703,-5.76006,-5.18712
55.895,0,0,0,0,0,0,-14.6861,-4.11323,-8.30842
55.993,0,0,0,0,0,0,-12.5988,1.93789,-9.70631
56.09,0,0,0,0,0,0,-14.3413,6.26559,-13.268
56.186,0,0,0,0,0,0,-11.852,5.36558,-13.9766
56.282,0,0,0,0,0,0,-8.73065,1.61235,-10.0318
56.38,0,0,0,0,0,0,-5.13062,-2.52386,-4.4786
56.479,0,0,0,0,0,0,-4.82423,-4.70686,5.13426
56.58,0,0,0,0,0,0,-6.47106,-3.02174,9.7492
56.67,0,0,0,0,0,0,-3.59869,-2.14088,9.51941
56.77,0,0,0,0,0,0,-1.66463,-1.31746,7.94918
56.865,0,0,0,0,0,0,0.403473,-1.12597,5.05766
56.96,0,0,0,0,0,0,0.518367,0.0804262,5.93852
57.06,0,0,0,0,0,0,-2.2391,5.86346,13.0811
57.16,0,0,0,0,0,0,-0.094405,23.4806,34.8345
57.255,0,0,0,0,0,0,18.4228,15.9359,28.2089
57.352,0,0,0,0,0,0,26.1973,13.9061,9.88328
57.452,0,0,0,0,0,0,21.3909,-21.6729,-8.8063
57.55,0,0,0,0,0,0,1.91626,-41.5689,-11.8893
57.65,0,0,0,0,0,0,-2.79443,-23.7411,4.96192
57.748,0,0,0,0,0,0,-0.343343,-4.8792,4.67468
57.845,0,0,0,0,0,0,0.0970863,-2.92599,3.31509
57.944,0,0,0,0,0,0,0.135385,-9.64733,18.2323
58.04,0,0,0,0,0,0,7.25886,-22.0943,30.5643
58.14,0,0,0,0,0,0,22.3101,-16.3687,1.74487
58.24,0,0,0,0,0,0,22.8846,-7.61752,-3.59774
58.335,0,0,0,0,0,0,4.67373,-15.7751,28.8217
58.435,0,0,0,0,0,0,-15.1839,-42.6987,11.645
58.534,0,0,0,0,0,0,-4.63274,-21.5964,-8.30842
58.631,0,0,0,0,0,0,-2.354,-9.2452,-12.6362
58.73,0,0,0,0,0,0,-1.12845,-5.18559,-8.36587
58.83,0,0,0,0,0,0,0.997098,-5.07069,10.8981
58.925,0,0,0,0,0,0,-8.23278,4.02514,13.5599
59.025,0,0,0,0,0,0,-6.03063,0.6549,9.92154
59.125,0,0,0,0,0,0,-6.73915,-0.857881,11.3195
59.22,0,0,0,0,0,0,-4.00082,1.13362,-1.49134
59.32,0,0,0,0,0,0,-0.898668,2.74215,-14.4553
59.415,0,0,0,0,0,0,0.46092,5.59537,-14.5893
59.512,0,0,0,0,0,0,0.46092,3.91025,-11.2191
59.61,0,0,0,0,0,0,2.26094,3.79535,-5.51265
59.711,0,0,0,0,0,0,2.77797,0.386812,-7.84884
59.81,0,0,0,0,0,0,3.25669,0.348514,-7.69565
59.905,0,0,0,0,0,0,6.3014,1.24852,-14.3021
60.005,0,0,0,0,0,0,11.0312,-4.99409,-17.3468
60.101,0,0,0,0,0,0,13.7313,-9.74308,-9.70631
60.2,0,0,0,0,0,0,11.5866,-4.51537,-3.29135
60.3,0,0,0,0,0,0,-3.46465,12.5082,-22.5937
60.4,0,0,0,0,0,0,-6.89234,0.00382967,-24.1256
60.495,0,0,0,0,0,0,-5.72424,-6.46858,-13.6701
60.595,0,0,0,0,0,0,-3.61784,-6.62177,-3.67434
60.69,0,0,0,0,0,0,-0.534834,-2.92599,2.60658
60.787,0,0,0,0,0,0,-5.39871,-5.8941,8.98323
60.885,0,0,0,0,0,0,-12.0626,5.19324,12.4875
60.984,0,0,0,0,0,0,-13.9584,13.6763,7.70024
61.08,0,0,0,0,0,0,-10.7605,5.38473,3.69808
61.175,0,0,0,0,0,0,-9.72641,-0.398302,-0.0168506
61.275,0,0,0,0,0,0,-10.6839,-3.04088,3.18105
61.375,0,0,0,0,0,0,-8.23278,-3.21323,4.52149
61.47,0,0,0,0,0,0,-2.43059,-0.781284,0.940605
61.57,0,0,0,0,0,0,0.173683,-0.398302,-0.553026
61.666,0,0,0,0,0,0,0.173683,-3.55791,-0.284938
61.765,0,0,0,0,0,0,1.62902,-2.58131,2.26189
61.866,0,0,0,0,0,0,1.28434,-7.65582,3.31509
61.965,0,0,0,0,0,0,-3.92423,-51.6605,7.5662
62.06,0,0,0,0,0,0,9.59505,-33.871,6.09172
62.16,0,0,0,0,0,0,11.1653,-11.275,-15.0872
62.259,0,0,0,0,0,0,4.57798,18.6742,-38.5832
62.355,0,0,0,0,0,0,3.35244,12.1826,-34.7917
62.455,0,0,0,0,0,0,10.4568,8.46774,-25.4086
62.552,0,0,0,0,0,0,16.2589,9.25285,-11.2957
62.649,0,0,0,0,0,0,12.8313,13.7912,-4.89988
62.75,0,0,0,0,0,0,6.18651,14.9593,8.08322
62.845,0,0,0,0,0,0,-4.40295,13.0827,22.4067
62.945,0,0,0,0,0,0,-11.7753,10.1911,24.877
63.044,0,0,0,0,0,0,-5.37956,10.3444,11.2428
63.143,0,0,0,0,0,0,-0.99441,5.19324,2.95126
63.24,0,0,0,0,0,0,3.44819,-3.36642,3.69808
63.338,0,0,0,0,0,0,1.16944,-3.21323,10.1513
63.434,0,0,0,0,0,0,0.537516,0.386812,12.5833
63.535,0,0,0,0,0,0,-1.1476,2.45491,15.0343
63.634,0,0,0,0,0,0,0.46092,16.204,9.36622
63.732,0,0,0,0,0,0,1.38008,6.62942,7.68109
63.83,0,0,0,0,0,0,4.36734,4.81026,-2.35305
63.93,0,0,0,0,0,0,4.76947,5.76771,-0.553026
64.027,0,0,0,0,0,0,3.65883,1.32512,-9.82118
64.128,0,0,0,0,0,0,1.68647,5.30813,-9.49567
64.225,0,0,0,0,0,0,-2.33485,5.94005,-9.62971
64.32,0,0,0,0,0,0,-5.85829,7.49113,-5.32116
64.42,0,0,0,0,0,0,-13.5562,4.71451,3.85127
64.52,0,0,0,0,0,0,-18.7648,-4.64941,4.52149
64.615,0,0,0,0,0,0,-17.1563,-4.7643,2.39594
64.715,0,0,0,0,0,0,-18.1329,3.62301,-3.44455
64.813,0,0,0,0,0,0,-5.18807,2.22512,-4.61264
64.91,0,0,0,0,0,0,-0.515685,4.06344,-3.99987
65.01,0,0,0,0,0,0,2.28009,3.43152,-3.55944
65.105,0,0,0,0,0,0,2.50988,1.47831,-3.99987
65.204,0,0,0,0,0,0,3.1035,2.07193,-5.87648
65.3,0,0,0,0,0,0,21.6399,40.1978,-16.4276
65.395,0,0,0,0,0,0,7.12482,23.7105,-25.7916
65.49,0,0,0,0,0,0,13.3865,26.985,-12.3297
65.588,0,0,0,0,0,0,27.7101,11.6273,-11.468
65.688,0,0,0,0,0,0,19.227,2.6847,4.63638
65.785,0,0,0,0,0,0,2.20349,-18.8198,20.8174
65.88,0,0,0,0,0,0,-2.25825,-21.2708,14.1343
65.977,0,0,0,0,0,0,-0.726326,-20.7347,6.99172
66.075,0,0,0,0,0,0,2.20349,-9.30265,-1.26155
66.17,0,0,0,0,0,0,2.68222,-8.2303,-3.06156
66.265,0,0,0,0,0,0,2.70137,-4.64941,-4.15306
66.365,0,0,0,0,0,0,2.43328,-10.2792,-5.47435
66.46,0,0,0,0,0,0,3.58223,-16.4069,-9.41907
66.554,0,0,0,0,0,0,4.36734,-16.2347,-0.170044
66.655,0,0,0,0,0,0,5.47799,-9.95372,4.1768
66.755,0,0,0,0,0,0,2.22264,-7.17709,0.117193
66.85,0,0,0,0,0,0,-4.28806,-15.6218,-13.2106
66.945,0,0,0,0,0,0,-5.5519,-25.139,-12.0042
67.045,0,0,0,0,0,0,-3.88593,-22.0943,2.26189
67.144,0,0,0,0,0,0,-1.01356,-20.7347,12.9279
67.245,0,0,0,0,0,0,2.95031,-24.7177,15.3408
67.338,0,0,0,0,0,0,5.89927,-25.3305,5.82363
67.435,0,0,0,0,0,0,7.04822,-26.039,-1.01261
67.535,0,0,0,0,0,0,6.85673,-24.2007,-7.04458
67.635,0,0,0,0,0,0,4.80777,-22.2474,-3.63604
67.735,0,0,0,0,0,0,0.326876,-19.8921,-0.706219
67.832,0,0,0,0,0,0,-4.99658,-12.3091,-4.80413
67.93,0,0,0,0,0,0,-7.60086,-11.5623,-5.47435
68.029,0,0,0,0,0,0,-11.5073,-13.0751,-3.08071
68.13,0,0,0,0,0,0,-9.13279,-5.39623,2.28104
68.225,0,0,0,0,0,0,-5.97318,-1.04938,0.461877
68.325,0,0,0,0,0,0,-3.13911,-5.54942,-1.49134
68.42,0,0,0,0,0,0,0.116236,-10.7388,5.80448
68.52,0,0,0,0,0,0,1.05455,-8.55583,14.6706
68.62,0,0,0,0,0,0,2.0886,-4.7643,14.5173
68.715,0,0,0,0,0,0,1.60987,-2.46641,14.5939
68.815,0,0,0,0,0,0,0.939648,-2.27492,14.345
68.915,0,0,0,0,0,0,0.518367,-7.31114,10.1322
69.012,0,0,0,0,0,0,-0.477387,-12.2134,1.22784
69.11,0,0,0,0,0,0,-1.70293,-6.18134,-6.24032
69.207,0,0,0,0,0,0,-3.15826,-3.02174,-6.50841
69.305,0,0,0,0,0,0,-4.65189,2.20597,-6.16372
69.405,0,0,0,0,0,0,-4.76679,5.28898,-2.58284
69.5,0,0,0,0,0,0,-5.24551,12.1826,4.90447
69.6,0,0,0,0,0,0,-7.10298,18.1955,4.78958
69.696,0,0,0,0,0,0,-1.89442,11.3976,-0.0934471
69.795,0,0,0,0,0,0,-4.74764,28.536,-0.150894
69.891,0,0,0,0,0,0,3.54393,28.4978,-4.5169
69.99,0,0,0,0,0,0,12.3908,21.1636,-9.59141
70.088,0,0,0,0,0,0,8.5227,-7.96221,-23.1107
70.185,0,0,0,0,0,0,3.35244,-29.7731,-33.3555
70.282,0,0,0,0,0,0,3.00776,-24.9858,-11.3149
70.38,0,0,0,0,0,0,1.11199,-20.5049,8.81089
70.475,0,0,0,0,0,0,-2.48804,-13.0367,14.1152
70.574,0,0,0,0,0,0,-7.6583,-15.5452,16.3365
70.67,0,0,0,0,0,0,-3.71359,-19.3559,4.98107
70.765,0,0,0,0,0,0,-0.19015,-9.2069,-1.81687
70.86,0,0,0,0,0,0,1.09284,-5.39623,-0.648772
70.958,0,0,0,0,0,0,3.77372,1.09533,3.96616
71.05,0,0,0,0,0,0,0.346025,-4.34302,11.7407
71.15,0,0,0,0,0,0,-4.51785,-13.4388,14.4025
71.245,0,0,0,0,0,0,-8.13703,3.35492,1.91721
71.34,0,0,0,0,0,0,-1.1859,-8.82392,1.26614
71.438,0,0,0,0,0,0,0.518367,-7.69412,-3.57859
71.535,0,0,0,0,0,0,2.012,-5.14729,-3.99987
71.63,0,0,0,0,0,0,2.012,-3.00259,-4.13391
71.725,0,0,0,0,0,0,1.53327,-4.53452,-4.3637
71.82,0,0,0,0,0,0,1.38008,-1.87279,-5.87648
71.915,0,0,0,0,0,0,1.30348,-3.51961,-5.37861
72.015,0,0,0,0,0,0,4.80777,-4.22813,-34.4853
72.11,0,0,0,0,0,0,12.2376,-28.3369,-14.8383
72.208,0,0,0,0,0,0,18.2888,-16.0432,9.27047
72.305,0,0,0,0,0,0,16.3739,6.13154,-26.5958
72.4,0,0,0,0,0,0,-2.81358,-34.4263,-20.5064
72.5,0,0,0,0,0,0,-7.50511,-21.9794,20.0131
72.6,0,0,0,0,0,0,-3.90508,-3.04088,19.9366
72.69,0,0,0,0,0,0,-2.33485,0.0612771,10.0939
72.79,0,0,0,0,0,0,-2.21995,-4.18983,3.67893
72.89,0,0,0,0,0,0,-7.14128,-9.72393,4.15765
72.985,0,0,0,0,0,0,-7.7349,-10.1643,10.7258
73.081,0,0,0,0,0,0,-10.186,-8.59413,9.7492
73.18,0,0,0,0,0,0,-8.65406,-8.86222,4.75128
73.277,0,0,0,0,0,0,-2.64123,-27.3603,-12.0999
73.375,0,0,0,0,0,0,-3.90508,-20.6197,-4.28711
73.47,0,0,0,0,0,0,-1.03271,-20.0453,0.902307
73.57,0,0,0,0,0,0,-1.1476,-17.1346,3.81297
73.665,0,0,0,0,0,0,-1.51144,-12.6921,2.62572
73.762,0,0,0,0,0,0,0.00134062,-7.54093,-2.64028
73.86,0,0,0,0,0,0,-1.81782,-11.0069,-2.64028
73.955,0,0,0,0,0,0,-5.13062,-12.6155,1.53423
74.049,0,0,0,0,0,0,-6.7583,-8.28774,7.98748
74.15,0,0,0,0,0,0,-5.91573,-1.66215,8.25557
74.245,0,0,0,0,0,0,-2.48804,6.1124,0.825711
74.345,0,0,0,0,0,0,-1.97102,7.2039,-2.98497
74.44,0,0,0,0,0,0,1.22689,3.24003,-5.6084
74.54,0,0,0,0,0,0,1.41838,4.15918,-6.31691
74.635,0,0,0,0,0,0,2.28009,3.69961,-7.17862
74.735,0,0,0,0,0,0,2.52903,2.09108,-8.23183
74.835,0,0,0,0,0,0,2.45243,1.6315,-8.11693
74.93,0,0,0,0,0,0,3.00776,-9.01541,-17.0978
75.025,0,0,0,0,0,0,2.0886,-14.7985,-10.1468
75.125,0,0,0,0,0,0,1.41838,-17.3836,3.48744
75.22,0,0,0,0,0,0,3.16095,-19.8921,12.7556
75.317,0,0,0,0,0,0,1.57157,-5.51112,6.70449
75.415,0,0,0,0,0,0,-10.3584,7.52943,-14.6851
75.515,0,0,0,0,0,0,-13.5945,13.8295,-28.5107
75.612,0,0,0,0,0,0,-11.4498,-0.149363,-21.7894
75.708,0,0,0,0,0,0,-9.43917,-1.6813,-11.3915
75.805,0,0,0,0,0,0,-8.65406,-8.1154,-4.82328
75.903,0,0,0,0,0,0,-9.63066,-10.3558,-0.112596
75.995,0,0,0,0,0,0,-8.57746,-9.64733,1.49593
76.091,0,0,0,0,0,0,-8.06044,-6.009,3.48744
76.188,0,0,0,0,0,0,-8.84555,-0.857881,8.92579
76.285,0,0,0,0,0,0,-8.32852,3.58471,13.7322
76.38,0,0,0,0,0,0,-7.90724,2.87619,15.6088
76.477,0,0,0,0,0,0,-5.01573,0.042128,12.1619
76.577,0,0,0,0,0,0,-0.324194,-2.27492,6.26406
76.67,0,0,0,0,0,0,0.135385,-4.41962,3.83212
76.767,0,0,0,0,0,0,0.0396389,-5.47282,1.76401
76.86,0,0,0,0,0,0,0.920499,-6.29623,-1.01261
76.955,0,0,0,0,0,0,3.12265,-12.4622,-2.1807
77.051,0,0,0,0,0,0,7.66099,-14.7219,-14.7233
77.15,0,0,0,0,0,0,16.1824,-4.86005,-16.1213
77.245,0,0,0,0,0,0,9.63335,11.2827,-6.39351
77.34,0,0,0,0,0,0,-2.2391,32.5573,-10.9319
77.437,0,0,0,0,0,0,-1.3008,19.5551,-12.7702
77.535,0,0,0,0,0,0,-1.49229,14.9019,-6.75734
77.63,0,0,0,0,0,0,1.26519,5.42303,-1.05091
77.725,0,0,0,0,0,0,3.31414,2.87619,-1.1658
77.82,0,0,0,0,0,0,2.52903,2.45491,-4.3637
77.915,0,0,0,0,0,0,3.60138,3.06769,-6.77649
78.015,0,0,0,0,0,0,11.9696,-0.800433,8.44706
78.11,0,0,0,0,0,0,-1.81782,25.7211,-18.8596
78.205,0,0,0,0,0,0,6.83758,7.1273,-7.86799
78.301,0,0,0,0,0,0,-4.21146,-3.06003,-42.1258
78.4,0,0,0,0,0,0,-2.04761,45.8468,-22.7852
78.495,0,0,0,0,0,0,-1.33909,27.4062,3.60233
78.59,0,0,0,0,0,0,-50.6098,-24.507,65.5497
78.69,0,0,0,0,0,0,3.75457,-0.723837,1.57252
78.795,0,0,0,0,0,0,3.52478,0.329365,0.595921
78.886,0,0,0,0,0,0,-1.1859,2.05278,1.13209
78.975,0,0,0,0,0,0,-12.8669,5.46133,1.0938
79.081,0,0,0,0,0,0,-14.6861,21.2402,-12.9617
79.18,0,0,0,0,0,0,-12.1201,24.17,-7.86799
79.28,0,0,0,0,0,0,-6.94979,17.87,1.72572
79.375,0,0,0,0,0,0,-4.69019,14.5572,8.79174
79.471,0,0,0,0,0,0,-4.80509,-6.88986,9.57686
79.57,0,0,0,0,0,0,-7.6583,-13.5154,3.94701
79.665,0,0,0,0,0,0,-7.06468,-17.1921,0.519325
79.765,0,0,0,0,0,0,-8.67321,-13.9559,-2.58284
79.861,0,0,0,0,0,0,-7.14128,-6.88986,-2.65943
79.96,0,0,0,0,0,0,-5.99233,-1.70045,-1.83602
80.06,0,0,0,0,0,0,-3.50294,1.11447,0.117193
80.16,0,0,0,0,0,0,-3.23486,1.22937,0.00229839
80.255,0,0,0,0,0,0,-3.52209,0.99958,2.85551
80.355,0,0,0,0,0,0,-6.47106,2.16768,12.9471
80.45,0,0,0,0,0,0,-0.975264,-3.55791,21.928
80.55,0,0,0,0,0,0,0.863051,-10.1643,18.5769
80.644,0,0,0,0,0,0,5.13331,-12.041,16.145
80.745,0,0,0,0,0,0,6.28226,-13.1708,9.42366
80.843,0,0,0,0,0,0,3.37159,-11.5623,-4.17221
80.94,0,0,0,0,0,0,-2.81358,-7.11965,-13.3064
81.04,0,0,0,0,0,0,-6.01148,-6.009,-12.2148
81.14,0,0,0,0,0,0,-4.537,-4.89835,-3.92327
81.239,0,0,0,0,0,0,-0.19015,-4.82175,1.45763
81.335,0,0,0,0,0,0,0.346025,-3.28982,4.90447
81.435,0,0,0,0,0,0,-2.94762,3.29747,9.50026
81.53,0,0,0,0,0,0,-2.71783,11.3593,23.9961
81.629,0,0,0,0,0,0,0.614113,18.1572,24.877
81.725,0,0,0,0,0,0,6.78013,6.34218,8.60025
81.82,0,0,0,0,0,0,6.3397,13.4465,12.2961
81.92,0,0,0,0,0,0,5.45884,15.5912,23.977
82.015,0,0,0,0,0,0,5.78438,5.88261,34.8345
82.11,0,0,0,0,0,0,5.03756,15.5529,38.6643
82.208,0,0,0,0,0,0,7.87163,27.3296,24.0919
82.305,0,0,0,0,0,0,10.361,30.4892,3.58318
82.4,0,0,0,0,0,0,9.7674,18.77,-5.51265
82.495,0,0,0,0,0,0,4.55883,19.5742,-8.28927
82.595,0,0,0,0,0,0,-0.936966,22.0444,-3.78923
82.69,0,0,0,0,0,0,-4.76679,21.7381,-2.58284
82.784,0,0,0,0,0,0,-5.07317,15.0934,-0.936008
82.88,0,0,0,0,0,0,-5.85829,21.6232,-1.64453
82.98,0,0,0,0,0,0,-2.2774,12.872,3.50658
83.075,0,0,0,0,0,0,1.32263,5.0209,2.1087
83.17,0,0,0,0,0,0,5.15246,-2.86854,6.45555
83.267,0,0,0,0,0,0,8.46526,-4.82175,6.57044
83.365,0,0,0,0,0,0,7.35461,-3.38557,6.09172
83.461,0,0,0,0,0,0,5.74608,-0.64724,4.77043
83.56,0,0,0,0,0,0,3.88862,1.42086,9.13643
83.657,0,0,0,0,0,0,4.00351,8.92732,16.0875
83.755,0,0,0,0,0,0,5.22905,9.90388,12.5449
83.85,0,0,0,0,0,0,10.5716,13.7337,17.6961
83.95,0,0,0,0,0,0,19.7632,5.72941,17.0258
84.05,0,0,0,0,0,0,25.4122,10.5741,21.9855
84.145,0,0,0,0,0,0,23.7845,11.0337,8.42791
84.243,0,0,0,0,0,0,8.58015,-0.991928,-27.515
84.34,0,0,0,0,0,0,-1.09016,2.12938,-26.1171
84.44,0,0,0,0,0,0,-7.25617,9.9805,-25.1405
84.535,0,0,0,0,0,0,-12.0626,-1.20257,-14.3212
84.635,0,0,0,0,0,0,-15.7009,-16.5793,-13.2106
84.733,0,0,0,0,0,0,-8.7881,-13.0558,-18.2852
84.83,0,0,0,0,0,0,-4.99658,-7.78987,-12.9808
84.93,0,0,0,0,0,0,-3.73273,-4.82175,-7.84884
85.025,0,0,0,0,0,0,-3.3306,-2.67705,5.19171
85.122,0,0,0,0,0,0,-8.7498,1.42086,15.8195
85.22,0,0,0,0,0,0,-4.72849,-0.0153195,16.1641
85.317,0,0,0,0,0,0,-3.46465,0.520856,14.7663
85.415,0,0,0,0,0,0,0.46092,1.22937,10.63
85.511,0,0,0,0,0,0,1.01625,0.137874,10.4578
85.61,0,0,0,0,0,0,-1.05186,-3.42387,14.0195
85.705,0,0,0,0,0,0,-0.860369,-7.21539,14.1343
85.807,0,0,0,0,0,0,-0.898668,-13.4963,14.8812
85.905,0,0,0,0,0,0,6.3397,-18.6474,4.61723
86,0,0,0,0,0,0,13.6355,-11.5431,-3.29135
86.1,0,0,0,0,0,0,10.6483,7.2039,-8.02119
86.2,0,0,0,0,0,0,0.154534,33.5723,3.35339
86.295,0,0,0,0,0,0,-2.16251,28.8807,11.6832
86.39,0,0,0,0,0,0,6.97162,6.45708,5.70873
86.491,0,0,0,0,0,0,6.18651,3.96769,7.29811
86.59,0,0,0,0,0,0,5.2865,4.50387,5.2683
86.685,0,0,0,0,0,0,1.32263,15.0168,14.7854
86.782,0,0,0,0,0,0,-0.132703,19.5359,7.14492
86.881,0,0,0,0,0,0,2.81626,12.6997,1.59167
86.98,0,0,0,0,0,0,3.48648,10.4784,-3.04241
87.078,0,0,0,0,0,0,0.575815,4.08259,-1.64453
87.173,0,0,0,0,0,0,-6.58595,3.56556,7.89173
87.269,0,0,0,0,0,0,-10.6456,7.24219,19.1322
87.365,0,0,0,0,0,0,-11.6222,14.2699,17.1025
87.459,0,0,0,0,0,0,-8.15618,17.7934,2.41508
87.555,0,0,0,0,0,0,-7.00723,10.9954,-3.32965
87.654,0,0,0,0,0,0,-5.6285,3.9294,-1.93177
87.75,0,0,0,0,0,0,-7.44766,3.06769,2.0321
87.845,0,0,0,0,0,0,-10.0903,6.41878,2.52998
87.945,0,0,0,0,0,0,-9.61151,6.72517,0.423579
88.04,0,0,0,0,0,0,-7.37107,5.32728,-2.62113
88.135,0,0,0,0,0,0,-3.3306,3.64216,-3.55944
88.232,0,0,0,0,0,0,-0.305045,2.35917,-2.77433
88.326,0,0,0,0,0,0,0.882201,1.97619,-3.52114
88.422,0,0,0,0,0,0,0.843902,1.19107,-4.34455
88.52,0,0,0,0,0,0,0.25028,6.49538,-6.87224
88.62,0,0,0,0,0,0,-0.860369,6.15069,-16.217
88.715,0,0,0,0,0,0,1.83966,10.9571,-17.5
88.815,0,0,0,0,0,0,5.51629,5.9975,-12.8277
88.91,0,0,0,0,0,0,6.378,7.47198,-11.6595
89.01,0,0,0,0,0,0,2.81626,-4.89835,-8.82545
89.11,0,0,0,0,0,0,-0.343343,-8.65158,-17.8638
89.205,0,0,0,0,0,0,-0.573133,-2.52386,-19.0702
89.3,0,0,0,0,0,0,-0.132703,1.93789,-18.0553
89.4,0,0,0,0,0,0,-0.171001,13.2167,-15.7958
89.5,0,0,0,0,0,0,-4.28806,9.04221,1.84061
89.595,0,0,0,0,0,0,-10.0903,-33.7752,25.4515
89.695,0,0,0,0,0,0,-4.23061,-37.6051,11.013
89.793,0,0,0,0,0,0,4.21415,-15.6793,-0.170044
89.89,0,0,0,0,0,0,10.4184,-1.70045,-2.31475
89.985,0,0,0,0,0,0,9.30782,-1.81534,-2.79348
90.085,0,0,0,0,0,0,7.23971,-3.50046,-7.31267
90.179,0,0,0,0,0,0,1.43753,-13.7644,-10.6829
90.28,0,0,0,0,0,0,-3.69444,-9.07286,-19.0702
90.376,0,0,0,0,0,0,-3.42635,-6.10474,-13.7659
90.475,0,0,0,0,0,0,-2.3923,-7.36859,-9.11269
90.575,0,0,0,0,0,0,-1.87527,-8.57498,-6.71905
90.675,0,0,0,0,0,0,-2.3923,-3.88345,-2.31475
90.77,0,0,0,0,0,0,-7.35192,4.12089,-3.52114
90.867,0,0,0,0,0,0,-8.8647,8.2571,-13.1723
90.965,0,0,0,0,0,0,-7.08383,0.520856,-15.585
91.063,0,0,0,0,0,0,-6.79659,-5.98985,-11.2382
91.16,0,0,0,0,0,0,-4.51785,-8.32604,-2.92752
91.255,0,0,0,0,0,0,-4.36466,-7.11965,2.16615
91.353,0,0,0,0,0,0,-4.90083,-3.50046,5.88108
91.455,0,0,0,0,0,0,-2.25825,-0.302556,6.16831
91.551,0,0,0,0,0,0,-3.96252,1.19107,6.3598
91.65,0,0,0,0,0,0,-2.85187,5.78686,7.06832
91.745,0,0,0,0,0,0,-3.10081,9.08051,9.9598
91.845,0,0,0,0,0,0,-3.25401,9.82736,13.196
91.945,0,0,0,0,0,0,-3.31145,8.56348,15.9535
92.042,0,0,0,0,0,0,-3.71359,9.46349,13.8471
92.14,0,0,0,0,0,0,-5.05402,0.233619,12.8705
92.237,0,0,0,0,0,0,-6.5668,-1.31746,14.1535
92.335,0,0,0,0,0,0,-8.88385,3.01024,14.4598
92.428,0,0,0,0,0,0,-6.87319,6.84006,9.44281
92.53,0,0,0,0,0,0,-3.27316,3.91025,2.31934
92.625,0,0,0,0,0,0,1.93541,0.942137,-1.1658
92.724,0,0,0,0,0,0,3.46733,-3.19408,-0.45728
92.82,0,0,0,0,0,0,4.57798,-6.50687,1.30444
92.915,0,0,0,0,0,0,1.15029,-5.37708,12.2769
93.01,0,0,0,0,0,0,-4.78594,-6.0473,21.7749
93.105,0,0,0,0,0,0,-4.537,-4.63026,24.3983
93.2,0,0,0,0,0,0,-0.917817,-5.81751,23.3451
93.295,0,0,0,0,0,0,6.99077,-9.51329,19.2089
93.395,0,0,0,0,0,0,10.8206,-9.8771,13.5216
93.49,0,0,0,0,0,0,10.1887,4.17833,-0.418982
93.59,0,0,0,0,0,0,-7.19873,29.3786,-2.83177
93.685,0,0,0,0,0,0,-16.5052,22.0062,6.85768
93.78,0,0,0,0,0,0,-11.2201,10.0762,5.61299
93.875,0,0,0,0,0,0,-4.4604,1.24852,1.72572
93.975,0,0,0,0,0,0,-0.247598,3.02939,1.47678
94.067,0,0,0,0,0,0,-0.151852,0.520856,2.35764
94.165,0,0,0,0,0,0,0.00134062,-3.19408,1.26614
94.26,0,0,0,0,0,0,-2.10506,-1.62385,1.93636
94.357,0,0,0,0,0,0,-1.07101,-24.6219,-12.8084
94.45,0,0,0,0,0,0,0.518367,-14.6261,-5.4935
94.55,0,0,0,0,0,0,-1.41569,-6.66007,6.74279
94.645,0,0,0,0,0,0,-9.63066,10.1911,10.879
94.74,0,0,0,0,0,0,-12.2541,23.7105,11.3002
94.837,0,0,0,0,0,0,-7.06468,17.5444,6.49385
94.935,0,0,0,0,0,0,-4.80509,17.5253,3.29594
95.031,0,0,0,0,0,0,-1.87527,14.3274,3.69808
95.13,0,0,0,0,0,0,-1.16675,3.39322,4.92362
95.23,0,0,0,0,0,0,-2.54549,-9.83884,9.28962
95.325,0,0,0,0,0,0,-6.62425,-15.3155,11.8365
95.425,0,0,0,0,0,0,-6.58595,-12.0219,8.98323
95.52,0,0,0,0,0,0,-7.67745,-12.2516,6.53215
95.615,0,0,0,0,0,0,-6.22212,-8.51753,1.74487
95.715,0,0,0,0,0,0,-4.07742,-5.58772,-1.18495
95.81,0,0,0,0,0,0,-2.10506,-2.35152,1.24699
95.907,0,0,0,0,0,0,-0.573133,-1.16427,1.36188
96.007,0,0,0,0,0,0,-0.0561066,-2.23662,2.30019
96.107,0,0,0,0,0,0,1.45668,-0.819582,3.2768
96.205,0,0,0,0,0,0,1.49498,-1.89194,4.2917
96.302,0,0,0,0,0,0,1.49498,-2.58131,4.52149
96.402,0,0,0,0,0,0,17.676,-3.13663,107.218
96.494,0,0,0,0,0,0,13.8079,-24.5645,30.9664
96.595,0,0,0,0,0,0,21.4675,-19.6049,4.90447
96.693,0,0,0,0,0,0,25.7761,-11.1409,-3.84668
96.79,0,0,0,0,0,0,5.2482,35.0276,6.66619
96.89,0,0,0,0,0,0,-6.93064,33.8978,23.0387
96.985,0,0,0,0,0,0,-6.04978,22.7721,14.0195
97.083,0,0,0,0,0,0,-1.24335,18.9423,4.61723
97.181,0,0,0,0,0,0,3.46733,14.921,-2.12326
97.281,0,0,0,0,0,0,8.42696,2.30172,-3.15731
97.377,0,0,0,0,0,0,-1.68378,-7.31114,-4.53605
97.475,0,0,0,0,0,0,-3.57954,-15.6602,2.75977
97.57,0,0,0,0,0,0,-2.87102,-11.4856,4.36829
97.67,0,0,0,0,0,0,-0.611431,-8.93881,1.59167
97.765,0,0,0,0,0,0,-4.17316,-15.5836,2.1853
97.865,0,0,0,0,0,0,-1.87527,-10.2792,8.15982
97.958,0,0,0,0,0,0,2.10775,-4.8792,3.94701
98.06,0,0,0,0,0,0,3.1801,-2.17917,2.64487
98.157,0,0,0,0,0,0,0.288578,-4.13238,7.77684
98.255,0,0,0,0,0,0,0.135385,-6.71752,16.6046
98.35,0,0,0,0,0,0,3.0269,-7.34944,10.2663
98.45,0,0,0,0,0,0,4.06096,-6.48773,7.64279
98.55,0,0,0,0,0,0,3.85032,-9.18775,6.3598
98.645,0,0,0,0,0,0,3.98436,-8.40264,3.14275
98.74,0,0,0,0,0,0,-5.89658,-16.5219,12.3727
98.84,0,0,0,0,0,0,-10.6456,-14.0899,19.5344
98.934,0,0,0,0,0,0,-7.27532,-15.6218,15.9344
99.03,0,0,0,0,0,0,-4.11572,-10.4324,3.94701
99.127,0,0,0,0,0,0,-9.61151,-1.14512,6.4747
99.224,0,0,0,0,0,0,-16.7925,9.84649,25.0493
99.317,0,0,0,0,0,0,-13.518,0.808093,27.2515
99.414,0,0,0,0,0,0,-4.36466,-8.97711,15.5705
99.515,0,0,0,0,0,0,1.39923,-5.39623,4.96192
99.607,0,0,0,0,0,0,1.95455,-0.0344686,1.59167
99.703,0,0,0,0,0,0,3.92691,11.3593,-0.131745
99.803,0,0,0,0,0,0,4.59713,5.30813,3.31509
99.897,0,0,0,0,0,0,3.92691,6.01665,1.24699
99.993,0,0,0,0,0,0,4.48224,4.71451,2.64487
100.09,0,0,0,0,0,0,3.46733,2.81875,6.24491
100.185,0,0,0,0,0,0,2.62477,2.60811,7.47045
100.28,0,0,0,0,0,0,2.16519,-1.12597,17.1025
100.38,0,0,0,0,0,0,10.7249,6.16984,19.9173
100.475,0,0,0,0,0,0,13.3291,9.92311,16.2407
100.575,0,0,0,0,0,0,14.1717,12.9295,13.2726
100.67,0,0,0,0,0,0,16.1249,8.16135,15.4365
100.765,0,0,0,0,0,0,17.0823,4.21663,13.1578
100.86,0,0,0,0,0,0,17.3505,0.310216,7.73854
100.955,0,0,0,0,0,0,12.544,-12.3474,-13.1723
101.05,0,0,0,0,0,0,1.59072,-19.7198,-17.8638
101.15,0,0,0,0,0,0,-0.094405,-22.7645,-3.40625
101.245,0,0,0,0,0,0,1.55242,-19.5665,12.813
101.343,0,0,0,0,0,0,5.49714,-11.4856,12.9279
101.44,0,0,0,0,0,0,11.9503,-9.64733,6.72364
101.535,0,0,0,0,0,0,14.1909,-9.60903,4.92362
101.635,0,0,0,0,0,0,15.2249,0.348514,-5.70414
101.727,0,0,0,0,0,0,6.53119,11.4742,13.3684
101.826,0,0,0,0,0,0,2.50988,17.2955,-4.61264
101.925,0,0,0,0,0,0,0.0587881,11.9145,2.22359
102.018,0,0,0,0,0,0,0.211981,3.91025,-2.06581
102.115,0,0,0,0,0,0,-0.305045,5.19324,1.20869
102.21,0,0,0,0,0,0,-0.381641,4.81026,1.84061
102.305,0,0,0,0,0,0,-0.247598,4.48472,1.84061
102.4,0,0,0,0,0,0,-0.40079,7.93156,5.63214
102.503,0,0,0,0,0,0,5.2865,48.1256,16.6237
102.6,0,0,0,0,0,0,21.1419,13.3125,4.36829
102.695,0,0,0,0,0,0,16.6802,8.62093,-8.17438
102.793,0,0,0,0,0,0,3.42904,-29.8305,18.4429
102.89,0,0,0,0,0,0,-5.6668,-27.839,24.5515
102.989,0,0,0,0,0,0,-1.99016,-20.6964,16.0493
103.085,0,0,0,0,0,0,4.36734,-30.8071,5.72788
103.183,0,0,0,0,0,0,7.89078,-17.0006,-0.284938
103.28,0,0,0,0,0,0,10.6291,-14.5304,5.47894
103.377,0,0,0,0,0,0,9.78654,-21.2134,18.9599
103.475,0,0,0,0,0,0,11.8355,-11.7154,8.21727
103.573,0,0,0,0,0,0,8.96313,-4.89835,1.78316
103.67,0,0,0,0,0,0,9.70995,-3.76855,-1.77857
103.77,0,0,0,0,0,0,10.6483,-1.6813,-12.9808
103.865,0,0,0,0,0,0,8.04397,2.6847,-19.5298
103.96,0,0,0,0,0,0,10.878,-1.22172,-12.4063
104.06,0,0,0,0,0,0,7.22056,-9.30265,-15.4128
104.156,0,0,0,0,0,0,0.269429,-19.5665,-7.7531
104.255,0,0,0,0,0,0,-1.07101,-19.3559,5.93852
104.355,0,0,0,0,0,0,-3.92423,-15.9282,13.2344
104.45,0,0,0,0,0,0,-4.11572,-12.6537,13.3493
104.55,0,0,0,0,0,0,-4.19231,-11.5239,11.3195
104.645,0,0,0,0,0,0,-7.63915,-5.70261,17.2557
104.743,0,0,0,0,0,0,-13.269,-11.8111,22.2152
104.84,0,0,0,0,0,0,-8.61576,-16.7899,14.7854
104.94,0,0,0,0,0,0,-1.54973,-15.0091,-2.2956
105.035,0,0,0,0,0,0,3.50563,-0.762135,-7.7531
105.13,0,0,0,0,0,0,4.65458,5.38473,-7.06373
105.23,0,0,0,0,0,0,5.80353,8.65923,2.01295
105.328,0,0,0,0,0,0,4.46309,-0.800433,11.3769
105.425,0,0,0,0,0,0,3.98436,-8.55583,13.1386
105.523,0,0,0,0,0,0,6.51204,-8.91966,4.98107
105.62,0,0,0,0,0,0,9.11633,-5.58772,1.03635
105.72,0,0,0,0,0,0,9.74825,-5.83666,-1.2424
105.813,0,0,0,0,0,0,9.11633,-3.88345,-2.75518
105.91,0,0,0,0,0,0,7.66099,-3.13663,-5.99138
106.005,0,0,0,0,0,0,11.6823,-23.2432,-16.6383
106.104,0,0,0,0,0,0,10.5716,-10.7388,-14.1297
106.199,0,0,0,0,0,0,5.68863,-21.8262,-37.5108
106.295,0,0,0,0,0,0,11.8355,-2.75365,-5.28286
106.394,0,0,0,0,0,0,-1.76038,31.0445,-25.9256
106.49,0,0,0,0,0,0,-5.97318,11.3018,-31.9575
106.589,0,0,0,0,0,0,-0.324194,0.118725,-5.64669
106.684,0,0,0,0,0,0,-0.0178084,-0.0536176,-3.09986
106.779,0,0,0,0,0,0,-0.726326,-3.94089,-5.47435
106.875,0,0,0,0,0,0,-0.40079,-3.826,-4.03817
106.97,0,0,0,0,0,0,-0.094405,-4.68771,-7.56161
107.068,0,0,0,0,0,0,0.23113,-6.10474,-6.10627
107.163,0,0,0,0,0,0,-0.956115,-11.2559,-4.59349
107.264,0,0,0,0,0,0,-0.764624,-11.8304,4.82787
107.36,0,0,0,0,0,0,1.53327,-10.5473,5.65129
107.455,0,0,0,0,0,0,-4.44125,-0.130214,2.22359
107.555,0,0,0,0,0,0,-12.8478,9.78903,-13.8425
107.655,0,0,0,0,0,0,-14.5903,15.0934,-13.5744
107.751,0,0,0,0,0,0,-10.6456,8.29539,-13.6127
107.85,0,0,0,0,0,0,-7.71575,2.99109,-6.89139
107.946,0,0,0,0,0,0,-11.1817,3.06769,-4.03817
108.045,0,0,0,0,0,0,-8.9413,1.5549,-3.92327
108.143,0,0,0,0,0,0,-10.0711,4.9826,-0.68707
108.239,0,0,0,0,0,0,-9.20938,-0.666389,-0.68707
108.34,0,0,0,0,0,0,-8.80725,-0.0153195,4.00446
108.435,0,0,0,0,0,0,-8.73065,3.69961,7.413
108.535,0,0,0,0,0,0,-7.6966,14.9401,5.99597
108.63,0,0,0,0,0,0,-6.98808,9.11881,0.442728
108.725,0,0,0,0,0,0,-3.23486,5.21239,1.34273
108.83,0,0,0,0,0,0,-3.4072,8.2571,-2.94667
108.925,0,0,0,0,0,0,-0.99441,3.8145,-4.402
109.02,0,0,0,0,0,0,-0.917817,2.37832,-5.4552
109.12,0,0,0,0,0,0,-0.0752558,1.6698,-3.96157
109.215,0,0,0,0,0,0,0.594964,3.35492,-3.88498
109.315,0,0,0,0,0,0,0.46092,3.8145,-4.89988
109.41,0,0,0,0,0,0,0.0779371,2.87619,-4.5169
109.505,0,0,0,0,0,0,0.23113,1.6698,-5.18712
109.605,0,0,0,0,0,0,1.09284,-0.321705,-9.36162
109.699,0,0,0,0,0,0,23.0952,9.29115,-55.2621
109.8,0,0,0,0,0,0,12.3908,-19.6815,-9.09354
109.9,0,0,0,0,0,0,17.8483,-14.7219,3.88957
109.995,0,0,0,0,0,0,-3.04337,21.7381,-38.947
110.095,0,0,0,0,0,0,-3.86678,10.2103,-45.3812
110.195,0,0,0,0,0,0,-0.860369,-0.321705,-23.2831
110.29,0,0,0,0,0,0,2.75882,-2.16002,-3.4254
110.39,0,0,0,0,0,0,4.38649,6.28474,-14.0915
110.485,0,0,0,0,0,0,7.14397,-0.551495,-0.380684
110.585,0,0,0,0,0,0,5.17161,-3.02174,1.97465
110.68,0,0,0,0,0,0,-15.0882,-41.2243,58.2731
110.775,0,0,0,0,0,0,-8.29022,-22.4198,9.38536
110.875,0,0,0,0,0,0,1.72476,-13.592,-1.2041
110.975,0,0,0,0,0,0,0.0779371,-5.62602,-3.15731
111.07,0,0,0,0,0,0,-1.47314,22.9062,-8.42332
111.165,0,0,0,0,0,0,-5.53275,18.9232,-6.6999
111.265,0,0,0,0,0,0,-5.80084,17.6019,-3.92327
111.36,0,0,0,0,0,0,-0.592282,4.56132,-6.35521
111.455,0,0,0,0,0,0,-2.60294,5.80601,1.68742
111.555,0,0,0,0,0,0,-6.16467,17.7168,6.58959
111.65,0,0,0,0,0,0,-2.77528,13.0635,4.27255
111.747,0,0,0,0,0,0,-7.6966,24.7062,6.74279
111.845,0,0,0,0,0,0,-4.30721,26.5445,11.779
111.943,0,0,0,0,0,0,-0.917817,15.0934,12.2386
112.043,0,0,0,0,0,0,1.26519,11.0337,13.7705
112.14,0,0,0,0,0,0,5.09501,10.4976,3.62148
112.24,0,0,0,0,0,0,2.60562,7.72092,-1.31899
112.335,0,0,0,0,0,0,2.68222,8.39114,-2.67858
112.435,0,0,0,0,0,0,-0.113554,10.172,-3.69348
112.535,0,0,0,0,0,0,-0.40079,9.82736,-2.44879
112.63,0,0,0,0,0,0,-2.06676,9.90388,-1.66368
112.725,0,0,0,0,0,0,-2.21995,9.00391,-1.70198
112.825,0,0,0,0,0,0,-4.07742,9.78903,-3.4254
112.925,0,0,0,0,0,0,-4.19231,14.289,-7.17862
113.021,0,0,0,0,0,0,-2.73698,12.6422,-4.17221
113.12,0,0,0,0,0,0,-1.58803,12.2975,-3.02327
113.219,0,0,0,0,0,0,-1.07101,9.82736,-1.97006
113.315,0,0,0,0,0,0,0.786455,2.37832,-0.112596
113.41,0,0,0,0,0,0,1.38008,-6.96645,0.978904
113.51,0,0,0,0,0,0,-2.92847,-12.4622,-1.97006
113.605,0,0,0,0,0,0,-3.86678,-15.6218,-7.58076
113.7,0,0,0,0,0,0,-1.64548,-8.17285,-7.58076
113.8,0,0,0,0,0,0,-0.668878,-4.74516,-5.18712
113.897,0,0,0,0,0,0,-3.67529,-11.8878,-9.99355
113.994,0,0,0,0,0,0,-3.04337,-7.94306,-9.61056
114.095,0,0,0,0,0,0,-2.08591,-4.30473,-6.94884
114.193,0,0,0,0,0,0,-6.01148,-0.704688,-7.82969
114.29,0,0,0,0,0,0,-7.31362,1.07618,-9.32333
114.389,0,0,0,0,0,0,-6.43276,-0.474898,-6.85309
114.485,0,0,0,0,0,0,-6.6051,-0.762135,-3.77008
114.581,0,0,0,0,0,0,-7.62001,1.82299,0.270386
114.68,0,0,0,0,0,0,-7.14128,9.52094,1.64912
114.775,0,0,0,0,0,0,-4.34551,11.7423,-1.62538
114.873,0,0,0,0,0,0,-3.19656,10.3061,-5.03392
114.969,0,0,0,0,0,0,-2.56464,9.75073,-12.7702
115.067,0,0,0,0,0,0,-1.93272,15.9933,-25.4852
115.165,0,0,0,0,0,0,2.96946,21.7381,-9.91693
115.26,0,0,0,0,0,0,6.87588,19.0381,4.57894
115.355,0,0,0,0,0,0,2.14605,-15.6218,-1.75942
115.45,0,0,0,0,0,0,-0.113554,-27.3028,-29.066
115.55,0,0,0,0,0,0,1.49498,-18.0538,-23.9149
115.646,0,0,0,0,0,0,4.1567,-14.7219,-12.4638
115.743,0,0,0,0,0,0,5.17161,-9.41754,-3.06156
115.84,0,0,0,0,0,0,6.55034,-0.360003,-0.227491
115.935,0,0,0,0,0,0,5.45884,0.176172,-8.44247
116.03,0,0,0,0,0,0,6.95247,-3.99834,-3.86583
116.126,0,0,0,0,0,0,7.18226,-3.55791,2.47253
116.225,0,0,0,0,0,0,5.2482,-3.32812,4.23425
116.32,0,0,0,0,0,0,5.2099,-0.915328,5.01936
116.417,0,0,0,0,0,0,4.50139,0.961286,5.17256
116.512,0,0,0,0,0,0,3.12265,3.02939,9.80664
116.61,0,0,0,0,0,0,1.26519,4.00599,13.2918
116.705,0,0,0,0,0,0,3.31414,0.635751,26.4089
116.805,0,0,0,0,0,0,11.6249,-14.8559,18.6535
116.9,0,0,0,0,0,0,9.09718,-3.84515,4.84702
116.995,0,0,0,0,0,0,4.63543,-0.762135,-2.02751
117.093,0,0,0,0,0,0,-12.1967,-11.275,6.22576
117.19,0,0,0,0,0,0,-9.51577,-21.6922,-5.14882
117.285,0,0,0,0,0,0,-2.79443,-6.92816,-14.5318
117.38,0,0,0,0,0,0,-2.56464,-2.25577,-10.0702
117.48,0,0,0,0,0,0,-5.57105,-0.87703,-13.4404
117.575,0,0,0,0,0,0,-1.05186,4.23578,-3.4254
117.674,0,0,0,0,0,0,-4.4987,13.4848,6.83853
117.77,0,0,0,0,0,0,-4.30721,11.6082,9.34707
117.87,0,0,0,0,0,0,0.556666,19.9764,3.52573
117.965,0,0,0,0,0,0,0.00134062,8.02731,0.710816
118.062,0,0,0,0,0,0,-0.151852,10.2103,-1.1658
118.161,0,0,0,0,0,0,-0.305045,8.65923,-5.14882
118.26,0,0,0,0,0,0,-0.898668,7.75922,-7.29352
118.355,0,0,0,0,0,0,-2.08591,9.94224,-6.20202
118.453,0,0,0,0,0,0,-7.50511,16.07,0.940605
118.55,0,0,0,0,0,0,-10.3009,5.9592,13.9237
118.65,0,0,0,0,0,0,-6.39446,2.47406,10.9747
118.745,0,0,0,0,0,0,-2.00931,1.65065,4.84702
118.843,0,0,0,0,0,0,-1.64548,-0.168512,3.04701
118.94,0,0,0,0,0,0,-0.936966,-0.474898,2.97041
119.04,0,0,0,0,0,0,-7.14128,-3.21323,7.73854
119.135,0,0,0,0,0,0,-10.9711,-1.5281,14.0386
119.235,0,0,0,0,0,0,-9.95617,-2.6962,14.7471
119.331,0,0,0,0,0,0,-7.6966,-2.08343,13.0237
119.429,0,0,0,0,0,0,-11.3732,0.808093,17.9833
119.53,0,0,0,0,0,0,-9.47747,5.09749,14.6706
119.625,0,0,0,0,0,0,-8.73065,1.03788,10.63
119.72,0,0,0,0,0,0,-7.88809,-5.53027,10.2088
119.82,0,0,0,0,0,0,-11.5265,-8.99626,17.7152
119.915,0,0,0,0,0,0,-9.82216,-1.31746,16.2982
120.012,0,0,0,0,0,0,-7.33277,5.51877,8.83004
120.11,0,0,0,0,0,0,-3.10081,-0.762135,3.94701
120.21,0,0,0,0,0,0,-4.69019,-1.18342,5.00022
120.309,0,0,0,0,0,0,0.288578,0.635751,3.79382
120.405,0,0,0,0,0,0,4.1184,1.86129,4.57894
120.5,0,0,0,0,0,0,4.80777,3.91025,3.94701
120.6,0,0,0,0,0,0,3.85032,3.87195,2.72147
120.695,0,0,0,0,0,0,2.62477,6.1124,0.61507
120.793,0,0,0,0,0,0,-9.07534,25.9509,3.2768
120.89,0,0,0,0,0,0,4.40564,17.0083,-3.00412
120.99,0,0,0,0,0,0,7.79504,11.0721,-9.7829
121.09,0,0,0,0,0,0,9.49931,13.255,-7.98289
121.185,0,0,0,0,0,0,12.3717,20.57,-0.782815
121.281,0,0,0,0,0,0,15.1483,13.1401,-1.41474
121.38,0,0,0,0,0,0,14.344,11.2252,-11.3722
121.471,0,0,0,0,0,0,0.135385,16.1082,-13.4213
121.57,0,0,0,0,0,0,6.3397,25.3573,3.58318
121.665,0,0,0,0,0,0,7.83333,19.8232,12.0279
121.76,0,0,0,0,0,0,1.95455,17.1998,6.60874
121.86,0,0,0,0,0,0,-6.96894,36.2339,-18.1319
121.955,0,0,0,0,0,0,-8.07958,38.1106,-2.39134
122.05,0,0,0,0,0,0,1.47583,22.3892,10.3811
122.148,0,0,0,0,0,0,11.2801,4.00599,3.2002
122.243,0,0,0,0,0,0,9.05888,2.55066,4.52149
122.34,0,0,0,0,0,0,13.1759,-0.417451,0.19379
122.435,0,0,0,0,0,0,13.4823,-1.89194,-3.52114
122.53,0,0,0,0,0,0,12.2568,-2.04513,-14.2255
122.631,0,0,0,0,0,0,9.13547,13.7337,-39.5598
122.73,0,0,0,0,0,0,9.80569,36.9041,-3.17646
122.828,0,0,0,0,0,0,15.0142,18.1764,-1.56793
122.924,0,0,0,0,0,0,24.1484,15.1699,0.289535
123.02,0,0,0,0,0,0,25.259,22.2743,-11.2191
123.115,0,0,0,0,0,0,9.90143,20.3594,29.0898
123.21,0,0,0,0,0,0,0.46092,34.702,35.026
123.31,0,0,0,0,0,0,3.77372,34.3382,-0.361535
123.404,0,0,0,0,0,0,11.2801,11.1294,-18.8213
123.505,0,0,0,0,0,0,19.7632,11.5699,-6.22117
123.602,0,0,0,0,0,0,24.742,1.24852,4.78958
123.7,0,0,0,0,0,0,23.1335,0.942137,4.55979
123.8,0,0,0,0,0,0,18.8249,-4.17068,9.02153
123.895,0,0,0,0,0,0,12.6781,-12.4431,25.6813
123.993,0,0,0,0,0,0,10.112,-9.80052,25.1451
124.09,0,0,0,0,0,0,12.2376,-12.6537,16.9301
124.19,0,0,0,0,0,0,13.4249,-12.5006,12.5642
124.285,0,0,0,0,0,0,15.0908,-5.58772,7.24066
124.38,0,0,0,0,0,0,18.1547,-16.0048,8.48536
124.48,0,0,0,0,0,0,18.327,-25.4836,-10.2999
124.579,0,0,0,0,0,0,12.5057,-23.4156,-15.4128
124.677,0,0,0,0,0,0,11.2036,-28.4135,0.366132
124.775,0,0,0,0,0,0,14.6696,-23.4921,22.6174
124.875,0,0,0,0,0,0,19.5717,-15.6027,16.9492
124.97,0,0,0,0,0,0,22.6165,-9.43669,7.25981
125.065,0,0,0,0,0,0,18.6334,-3.7494,-5.51265
125.165,0,0,0,0,0,0,11.9503,0.827242,-7.7914
125.26,0,0,0,0,0,0,4.69288,2.03363,-13.1531
125.355,0,0,0,0,0,0,1.13114,4.27408,-12.2914
125.455,0,0,0,0,0,0,-0.534834,7.24219,-5.95308
125.555,0,0,0,0,0,0,0.346025,13.1785,-5.09137
125.649,0,0,0,0,0,0,-3.56039,13.4082,-2.54454
125.755,0,0,0,0,0,0,-3.96252,16.7593,2.08955
125.85,0,0,0,0,0,0,-2.77528,13.8678,2.39594
125.945,0,0,0,0,0,0,-1.95187,7.28049,4.48319
126.045,0,0,0,0,0,0,-5.14977,7.85497,6.78108
126.141,0,0,0,0,0,0,-7.16043,-0.0727668,8.23642
126.24,0,0,0,0,0,0,-6.01148,-11.6963,-2.00836
126.335,0,0,0,0,0,0,-8.38597,-17.6325,-11.7361
126.43,0,0,0,0,0,0,-8.46257,-15.1815,-16.1595
126.529,0,0,0,0,0,0,-5.78169,-12.3282,-12.2914
126.625,0,0,0,0,0,0,-4.28806,-9.8771,-8.8829
126.72,0,0,0,0,0,0,-4.63274,-7.17709,-8.38502
126.817,0,0,0,0,0,0,-1.99016,-4.40047,-7.48501
126.915,0,0,0,0,0,0,0.23113,-1.35576,-8.27012
127.01,0,0,0,0,0,0,-2.25825,-2.02598,-7.6765
127.103,0,0,0,0,0,0,0.537516,-2.63875,-2.16156
127.2,0,0,0,0,0,0,2.83541,-3.46216,1.26614
127.295,0,0,0,0,0,0,3.46733,-1.94938,1.85976
127.392,0,0,0,0,0,0,3.69712,-2.67705,4.06191
127.49,0,0,0,0,0,0,2.95031,-4.40047,6.20661
127.59,0,0,0,0,0,0,2.50988,-12.0601,16.5471
127.685,0,0,0,0,0,0,6.10991,-8.30689,25.1068
127.78,0,0,0,0,0,0,10.3419,-7.48348,16.7961
127.876,0,0,0,0,0,0,17.676,-6.31538,4.59808
127.97,0,0,0,0,0,0,19.2654,-1.27917,1.22784
128.068,0,0,0,0,0,0,18.4037,1.65065,1.74487
128.165,0,0,0,0,0,0,10.8206,7.93156,6.93428
128.26,0,0,0,0,0,0,-16.601,8.71668,41.2304
128.358,0,0,0,0,0,0,-9.40087,12.1444,27.5962
128.455,0,0,0,0,0,0,1.22689,5.61452,11.4152
128.548,0,0,0,0,0,0,-2.52634,9.55924,9.57686
128.645,0,0,0,0,0,0,-3.11996,10.1911,-2.65943
128.741,0,0,0,0,0,0,-1.64548,2.60811,-14.8
128.837,0,0,0,0,0,0,-3.42635,0.348514,-10.434
128.935,0,0,0,0,0,0,-7.39022,3.62301,-18.2085
129.032,0,0,0,0,0,0,-8.42427,6.05495,-7.88714
129.13,0,0,0,0,0,0,-10.952,4.35068,-13.8234
129.225,0,0,0,0,0,0,-8.76895,2.89534,-8.78715
129.322,0,0,0,0,0,0,-6.72,6.87836,-4.74669
129.42,0,0,0,0,0,0,-5.89658,4.65706,3.77467
129.52,0,0,0,0,0,0,-4.70934,-3.11748,4.63638
129.615,0,0,0,0,0,0,-3.94337,-8.0771,-0.0359997
129.71,0,0,0,0,0,0,-3.52209,-5.70261,-9.61056
129.81,0,0,0,0,0,0,-4.70934,-0.781284,-16.2745
129.91,0,0,0,0,0,0,-4.3838,2.55066,-12.9617
130.005,0,0,0,0,0,0,-3.3306,2.7613,-7.52331
130.105,0,0,0,0,0,0,-3.2923,0.310216,-5.83819
130.2,0,0,0,0,0,0,-2.52634,-1.643,-2.64028
130.3,0,0,0,0,0,0,-1.47314,0.157023,-1.77857
130.4,0,0,0,0,0,0,-1.77952,-0.608942,3.41084
130.495,0,0,0,0,0,0,-0.99441,-0.513196,5.32575
130.593,0,0,0,0,0,0,1.57157,0.86554,7.35556
130.69,0,0,0,0,0,0,1.55242,-2.14088,8.52365
130.784,0,0,0,0,0,0,-0.898668,-6.71752,28.8409
130.882,0,0,0,0,0,0,6.35885,-7.88561,27.2324
130.98,0,0,0,0,0,0,13.1568,-6.83241,17.1216
131.08,0,0,0,0,0,0,17.8483,-9.05371,15.4365
131.175,0,0,0,0,0,0,16.5461,-11.2559,2.31934
131.275,0,0,0,0,0,0,2.0503,13.4657,-43.313
131.37,0,0,0,0,0,0,-2.44974,15.5337,-35.0598
131.47,0,0,0,0,0,0,1.74391,11.6657,-19.2617
131.565,0,0,0,0,0,0,4.90352,19.6125,-10.7404
131.665,0,0,0,0,0,0,3.90776,12.9677,4.11936
131.76,0,0,0,0,0,0,4.34819,5.42303,11.7216
131.86,0,0,0,0,0,0,2.68222,0.693198,14.4216
131.958,0,0,0,0,0,0,-2.12421,-0.398302,16.9492
132.055,0,0,0,0,0,0,0.729008,0.0612771,8.31301
132.151,0,0,0,0,0,0,3.85032,2.05278,2.30019
132.25,0,0,0,0,0,0,3.96521,2.6464,1.28529
132.346,0,0,0,0,0,0,3.33329,4.48472,2.30019
132.445,0,0,0,0,0,0,1.43753,6.91666,2.52998
132.545,0,0,0,0,0,0,0.958797,13.6188,3.54488
132.643,0,0,0,0,0,0,2.81626,23.8254,12.6599
132.741,0,0,0,0,0,0,8.88654,16.1657,17.1216
132.835,0,0,0,0,0,0,14.2675,1.17192,5.90022
132.935,0,0,0,0,0,0,14.2291,-1.83449,2.47253
133.033,0,0,0,0,0,0,-8.48172,6.13154,-9.30418
133.13,0,0,0,0,0,0,-14.2073,52.549,-17.6532
133.225,0,0,0,0,0,0,-1.45399,27.4253,-2.219
133.32,0,0,0,0,0,0,2.77797,17.2189,4.92362
133.415,0,0,0,0,0,0,11.4525,10.938,-15.7
133.515,0,0,0,0,0,0,-3.15826,-10.4324,-25.332
133.61,0,0,0,0,0,0,-4.76679,2.6464,-22.632
133.706,0,0,0,0,0,0,-3.38805,6.66772,-11.0467
133.805,0,0,0,0,0,0,-3.00507,12.1826,-2.48709
133.9,0,0,0,0,0,0,-2.33485,3.94854,2.51083
133.995,0,0,0,0,0,0,0.958797,0.386812,1.45763
134.095,0,0,0,0,0,0,-1.74123,2.53151,2.77892
134.19,0,0,0,0,0,0,-0.783773,-3.94089,5.40235
134.285,0,0,0,0,0,0,-3.34975,-7.73242,6.30236
134.379,0,0,0,0,0,0,-3.04337,-7.21539,1.53423
134.475,0,0,0,0,0,0,-2.87102,-0.360003,-2.10411
134.575,0,0,0,0,0,0,-5.09232,9.40604,-1.1658
134.671,0,0,0,0,0,0,-8.96044,18.7125,1.87891
134.722,0,0,0,0,0,0,-9.03704,16.3188,4.88532
134.865,0,0,0,0,0,0,-9.03704,13.2358,-11.5255
134.96,0,0,0,0,0,0,-0.707176,4.17833,0.749114
135.056,0,0,0,0,0,0,0.288578,1.40171,0.461877
135.155,0,0,0,0,0,0,0.116236,4.25493,-0.418982
135.25,0,0,0,0,0,0,-0.63058,5.19324,1.40018
135.35,0,0,0,0,0,0,-6.27957,14.2508,29.7409
135.445,0,0,0,0,0,0,-0.305045,26.5636,23.0578
135.545,0,0,0,0,0,0,7.98653,16.0125,-2.73603
135.643,0,0,0,0,0,0,5.61204,-21.5581,-3.86583
135.741,0,0,0,0,0,0,-3.31145,-28.605,20.8365
135.84,0,0,0,0,0,0,-2.04761,-21.1942,20.2429
135.94,0,0,0,0,0,0,4.53969,-13.0751,11.0322
136.04,0,0,0,0,0,0,8.84824,-4.72601,3.90872
136.14,0,0,0,0,0,0,8.92483,-2.31322,2.43423
136.235,0,0,0,0,0,0,7.98653,-2.46641,3.42999
136.333,0,0,0,0,0,0,7.31631,-2.54301,2.81722
136.431,0,0,0,0,0,0,6.43545,-3.55791,1.53423
136.53,0,0,0,0,0,0,6.26311,-4.26643,-1.72113
136.629,0,0,0,0,0,0,5.80353,-2.6579,-2.81263
136.725,0,0,0,0,0,0,18.3653,-11.6005,-19.3
136.826,0,0,0,0,0,0,26.1016,1.91874,-30.8661
136.925,0,0,0,0,0,0,3.73542,-3.23238,2.75977
137.02,0,0,0,0,0,0,29.7399,21.336,-8.00204
137.12,0,0,0,0,0,0,-14.2073,21.2402,6.91513
137.217,0,0,0,0,0,0,-7.96469,39.6425,-30.9236
137.315,0,0,0,0,0,0,-1.49229,14.5954,-12.3106
137.415,0,0,0,0,0,0,2.22264,1.6315,0.557623
137.51,0,0,0,0,0,0,0.116236,5.00175,5.90022
137.607,0,0,0,0,0,0,-1.41569,10.6698,9.04068
137.705,0,0,0,0,0,0,3.63968,26.2764,11.7216
137.801,0,0,0,0,0,0,7.35461,22.1785,0.787412
137.9,0,0,0,0,0,0,10.744,18.8657,-2.2956
137.997,0,0,0,0,0,0,3.96521,28.8615,0.270386
138.095,0,0,0,0,0,0,1.59072,34.051,-10.3957
138.192,0,0,0,0,0,0,10.361,6.76347,-3.52114
138.293,0,0,0,0,0,0,10.8398,1.5549,-8.09778
138.393,0,0,0,0,0,0,11.8163,5.94005,-8.09778
138.49,0,0,0,0,0,0,12.0653,5.57622,-7.7914
138.584,0,0,0,0,0,0,6.72269,10.4592,-6.64245
138.685,0,0,0,0,0,0,5.53544,8.79327,-2.85092
138.78,0,0,0,0,0,0,4.59713,7.37624,-2.27645
138.877,0,0,0,0,0,0,3.81202,2.85704,-1.37644
138.975,0,0,0,0,0,0,0.652411,10.1337,-2.81263
139.07,0,0,0,0,0,0,-3.54124,31.7914,-14.9723
139.165,0,0,0,0,0,0,4.86522,11.8188,-1.79772
139.26,0,0,0,0,0,0,-0.783773,5.88261,7.14492
139.356,0,0,0,0,0,0,-5.20722,-4.11323,12.4301
139.455,0,0,0,0,0,0,-5.20722,-3.88345,11.4152
139.548,0,0,0,0,0,0,-6.77744,11.5508,2.83637
139.645,0,0,0,0,0,0,-10.569,9.71243,19.1322
139.743,0,0,0,0,0,0,-3.96252,13.9636,8.5428
139.843,0,0,0,0,0,0,-1.79867,15.4955,7.33641
139.935,0,0,0,0,0,0,2.79712,7.64432,6.32151
140.033,0,0,0,0,0,0,3.69712,-2.16002,8.04493
140.13,0,0,0,0,0,0,3.50563,-9.53244,11.396
140.225,0,0,0,0,0,0,4.29075,-4.57281,9.25132
140.32,0,0,0,0,0,0,3.96521,-3.32812,9.48111
140.412,0,0,0,0,0,0,5.66948,0.271918,4.71298
140.515,0,0,0,0,0,0,4.52054,12.872,13.0429
140.61,0,0,0,0,0,0,9.67165,25.4913,17.6387
140.705,0,0,0,0,0,0,12.3526,19.8614,17.9259
140.802,0,0,0,0,0,0,18.8633,9.11881,11.8365
140.9,0,0,0,0,0,0,22.3866,4.906,10.9556
140.995,0,0,0,0,0,0,20.9122,-7.90476,10.496
141.09,0,0,0,0,0,0,8.31206,-22.6879,-25.0256
141.185,0,0,0,0,0,0,-2.354,-23.7411,-27.0171
141.282,0,0,0,0,0,0,0.0587881,-12.7303,-8.46162
141.38,0,0,0,0,0,0,2.16519,-3.32812,1.62997
141.475,0,0,0,0,0,0,2.50988,-1.26002,2.45338
141.572,0,0,0,0,0,0,3.2184,0.769795,1.70657
141.67,0,0,0,0,0,0,7.60354,-0.360003,20.5493
141.766,0,0,0,0,0,0,2.24179,-3.51961,10.7641
141.86,0,0,0,0,0,0,-1.58803,-4.41962,16.6046
141.955,0,0,0,0,0,0,1.57157,-4.15153,12.2577
142.053,0,0,0,0,0,0,-2.14336,-6.14304,17.7918
142.15,0,0,0,0,0,0,-0.362492,-4.47707,-1.62538
142.245,0,0,0,0,0,0,-15.7775,6.59112,-13.1531
142.34,0,0,0,0,0,0,-18.0563,-13.9175,9.02153
142.436,0,0,0,0,0,0,-11.7946,-22.3815,-6.39351
142.533,0,0,0,0,0,0,-6.33701,-15.6602,-7.33182
142.63,0,0,0,0,0,0,-7.16043,-14.6453,-6.18287
142.725,0,0,0,0,0,0,-3.73273,-8.28774,5.3449
142.818,0,0,0,0,0,0,-3.4455,-12.4622,13.6747
142.915,0,0,0,0,0,0,-0.094405,-0.589793,0.768263
143.015,0,0,0,0,0,0,0.269429,-1.5664,0.84486
143.11,0,0,0,0,0,0,-10.4733,-19.873,-19.8745
143.204,0,0,0,0,0,0,-6.5668,-8.63243,-14.7426
143.305,0,0,0,0,0,0,-10.4733,-4.78345,5.3066
143.4,0,0,0,0,0,0,-1.87527,-9.49414,11.4726
143.497,0,0,0,0,0,0,-1.51144,-2.75365,3.62148
143.595,0,0,0,0,0,0,-0.534834,-2.6196,2.95126
143.692,0,0,0,0,0,0,-1.66463,-7.84731,-4.32541
143.795,0,0,0,0,0,0,-0.649729,-6.56432,-3.92327
143.89,0,0,0,0,0,0,-0.764624,-9.41754,-14.8766
143.984,0,0,0,0,0,0,-5.26466,-2.08343,-8.05948
144.083,0,0,0,0,0,0,-9.13279,23.653,19.1322
144.18,0,0,0,0,0,0,-12.5413,19.8232,20.1854
144.28,0,0,0,0,0,0,-4.74764,22.7147,2.37679
144.375,0,0,0,0,0,0,0.211981,21.2402,0.959754
144.471,0,0,0,0,0,0,5.68863,13.1785,2.24274
144.57,0,0,0,0,0,0,6.55034,8.81242,4.78958
144.668,0,0,0,0,0,0,-2.77528,5.25068,30.4494
144.765,0,0,0,0,0,0,-1.85612,12.987,14.8621
144.86,0,0,0,0,0,0,-10.3966,17.7168,6.45555
144.96,0,0,0,0,0,0,-1.2242,12.0486,10.247
145.055,0,0,0,0,0,0,-0.477387,5.9592,3.65978
145.154,0,0,0,0,0,0,-7.42851,7.74007,9.07898
145.251,0,0,0,0,0,0,2.012,11.9338,6.14916
145.35,0,0,0,0,0,0,-0.324194,-0.0919159,-0.801965
145.445,0,0,0,0,0,0,2.75882,-23.7793,12.4875
145.543,0,0,0,0,0,0,90.1745,12.5656,16.8535
145.641,0,0,0,0,0,0,-0.132703,-3.06003,-0.514728
145.74,0,0,0,0,0,0,4.96097,-6.64092,2.68317
145.835,0,0,0,0,0,0,35.0634,32.1361,5.45979
145.93,0,0,0,0,0,0,-0.132703,-2.6579,4.90447
146.03,0,0,0,0,0,0,-0.094405,-1.85364,-2.56369
146.128,0,0,0,0,0,0,2.66307,-4.72601,3.35339
146.225,0,0,0,0,0,0,-15.6435,-30.5965,35.3707
146.325,0,0,0,0,0,0,-39.9438,-12.1559,6.18746
146.421,0,0,0,0,0,0,-14.3988,5.84431,-22.4596
146.52,0,0,0,0,0,0,-23.667,-1.10682,-3.88498
146.616,0,0,0,0,0,0,-17.2328,2.34002,13.4259
146.715,0,0,0,0,0,0,-18.0563,1.22937,8.19812
146.805,0,0,0,0,0,0,-20.5839,-2.00683,-8.53821
146.9,0,0,0,0,0,0,-18.4968,-4.22813,-9.97442
146.995,0,0,0,0,0,0,-20.1627,1.5932,-0.0934471
147.095,0,0,0,0,0,0,-19.2818,3.58471,-0.24664
147.193,0,0,0,0,0,0,-11.3541,1.07618,-2.19985
147.285,0,0,0,0,0,0,-8.04129,-2.90684,-3.21476
147.385,0,0,0,0,0,0,-2.98592,-3.02174,-3.13816
147.48,0,0,0,0,0,0,-0.956115,-0.800433,-6.33606
147.575,0,0,0,0,0,0,17.2738,-11.1409,-3.32965
147.67,0,0,0,0,0,0,86.249,15.1699,1.22784
147.765,0,0,0,0,0,0,21.1612,0.808093,2.08955
147.862,0,0,0,0,0,0,6.81843,-2.27492,-1.41474
147.96,0,0,0,0,0,0,2.79712,-5.12814,14.4791
148.059,0,0,0,0,0,0,0.173683,-13.0942,4.94277
148.151,0,0,0,0,0,0,0.843902,-1.06852,2.24274
148.255,0,0,0,0,0,0,20.6824,-0.474898,1.34273
148.35,0,0,0,0,0,0,8.98228,-3.67281,-1.45304
148.447,0,0,0,0,0,0,13.3674,-9.64733,2.60658
148.545,0,0,0,0,0,0,16.0674,-11.5623,5.93852
148.643,0,0,0,0,0,0,9.15462,-10.9878,8.73429
148.74,0,0,0,0,0,0,5.3248,-1.48981,9.596
148.835,0,0,0,0,0,0,6.62694,3.31662,7.6045
148.935,0,0,0,0,0,0,16.8526,4.29323,3.58318
149.03,0,0,0,0,0,0,18.4994,3.14428,3.35339
149.127,0,0,0,0,0,0,8.12057,5.21239,4.67468
149.227,0,0,0,0,0,0,2.35669,5.84431,6.4747
149.325,0,0,0,0,0,0,7.29716,4.52302,3.39169
149.425,0,0,0,0,0,0,11.8738,3.39322,1.93636
149.52,0,0,0,0,0,0,12.9462,4.36983,4.48319
149.617,0,0,0,0,0,0,10.4568,2.26342,8.08322
149.715,0,0,0,0,0,0,2.06945,-4.30473,4.59808
149.809,0,0,0,0,0,0,10.2078,-3.02174,1.28529
149.91,0,0,0,0,0,0,14.5547,-3.06003,1.66827
150.01,0,0,0,0,0,0,15.8185,-6.60262,-2.90837
150.105,0,0,0,0,0,0,5.51629,-5.35793,-1.26155
150.203,0,0,0,0,0,0,0.326876,-9.30265,-4.61264
150.3,0,0,0,0,0,0,10.0163,-12.0792,-4.63179
150.4,0,0,0,0,0,0,8.5227,-8.55583,-4.53605
150.5,0,0,0,0,0,0,11.9503,-11.8878,-1.70198
150.595,0,0,0,0,0,0,8.71419,-8.88137,-0.955158
150.695,0,0,0,0,0,0,10.1312,-9.45584,1.70657
150.79,0,0,0,0,0,0,13.9227,-6.18134,3.02786
150.89,0,0,0,0,0,0,8.86739,-3.84515,1.74487
150.986,0,0,0,0,0,0,8.71419,-2.50471,-0.514728
151.085,0,0,0,0,0,0,8.5993,-3.88345,0.40443
151.18,0,0,0,0,0,0,10.2078,-2.19832,-0.24664
151.28,0,0,0,0,0,0,10.2844,-1.77704,-1.37644
151.38,0,0,0,0,0,0,9.11633,-3.44302,-1.85517
151.475,0,0,0,0,0,0,7.04822,-3.02174,-4.03817
151.575,0,0,0,0,0,0,6.53119,-1.33661,-7.6765
151.673,0,0,0,0,0,0,10.4568,-0.589793,-5.43605
151.765,0,0,0,0,0,0,7.08652,-0.666389,-2.42964
151.861,0,0,0,0,0,0,10.7631,-0.168512,-1.66368
151.96,0,0,0,0,0,0,11.4334,-0.4366,-3.71263
152.055,0,0,0,0,0,0,10.9164,-0.704688,-6.29776
152.15,0,0,0,0,0,0,10.4568,-0.398302,-6.06798
152.245,0,0,0,0,0,0,10.495,0.310216,-7.6382
152.343,0,0,0,0,0,0,5.93757,2.09108,-7.94459
152.44,0,0,0,0,0,0,9.7674,2.6464,-11.6595
152.535,0,0,0,0,0,0,19.3802,1.03788,-8.46162
152.635,0,0,0,0,0,0,15.5887,-3.92174,-24.6809
152.73,0,0,0,0,0,0,3.96521,-0.360003,-5.28286
152.825,0,0,0,0,0,0,9.6525,-2.23662,-6.77649
152.921,0,0,0,0,0,0,9.49931,-4.15153,-5.05307
153.021,0,0,0,0,0,0,5.3631,-4.53452,-3.61689
153.12,0,0,0,0,0,0,8.38866,-4.97495,-3.36795
153.215,0,0,0,0,0,0,8.06312,-2.46641,-1.22325
153.315,0,0,0,0,0,0,7.25886,-0.130214,0.576772
153.409,0,0,0,0,0,0,7.23971,0.176172,1.66827
153.51,0,0,0,0,0,0,7.12482,-0.589793,1.91721
153.604,0,0,0,0,0,0,9.28867,-1.41321,3.0853
153.705,0,0,0,0,0,0,10.2462,-1.89194,3.04701
153.799,0,0,0,0,0,0,9.99717,-2.6579,3.04701
153.9,0,0,0,0,0,0,9.5759,-3.11748,1.82146
154,0,0,0,0,0,0,11.1079,-3.90259,0.576772
154.095,0,0,0,0,0,0,11.9887,-4.07494,-0.47643
154.195,0,0,0,0,0,0,9.84394,-2.75365,-1.64453
154.293,0,0,0,0,0,0,9.09718,-1.48981,-2.85092
154.39,0,0,0,0,0,0,8.38866,-0.87703,-3.48284
154.485,0,0,0,0,0,0,8.61845,0.884689,-4.53605
154.585,0,0,0,0,0,0,8.65675,2.49321,-6.18287
154.685,0,0,0,0,0,0,11.0312,3.10598,-7.04458
154.78,0,0,0,0,0,0,10.7249,4.52302,-8.13608
154.876,0,0,0,0,0,0,8.19717,3.50811,-9.57226
154.975,0,0,0,0,0,0,8.42696,1.86129,-8.92119
155.075,0,0,0,0,0,0,11.644,1.47831,-8.42332
155.173,0,0,0,0,0,0,9.46101,-0.589793,-7.7914
155.27,0,0,0,0,0,0,5.3248,-3.21323,-7.82969
155.365,0,0,0,0,0,0,5.03756,-6.33453,-7.7914
155.465,0,0,0,0,0,0,8.23547,-5.43452,-7.12118
155.565,0,0,0,0,0,0,7.96738,-5.20473,-6.10627
155.66,0,0,0,0,0,0,7.64184,-4.03664,-5.24456
155.757,0,0,0,0,0,0,8.65675,-4.89835,-5.70414
155.855,0,0,0,0,0,0,9.02058,-4.38132,-4.45945
155.951,0,0,0,0,0,0,7.71844,-3.48131,-3.86583
156.05,0,0,0,0,0,0,8.50355,-2.98344,-3.44455
156.145,0,0,0,0,0,0,9.80569,-2.98344,-2.54454
156.245,0,0,0,0,0,0,9.7291,-4.03664,-2.12326
156.343,0,0,0,0,0,0,8.31206,-6.10474,-1.79772
156.442,0,0,0,0,0,0,8.82909,-7.38773,0.155491
156.54,0,0,0,0,0,0,9.8823,-8.55583,2.22359
156.635,0,0,0,0,0,0,9.7674,-7.57923,2.60658
156.735,0,0,0,0,0,0,8.19717,-5.70261,1.66827
156.83,0,0,0,0,0,0,14.344,-4.53452,4.40659
156.925,0,0,0,0,0,0,13.1568,-3.21323,6.99172
157.022,0,0,0,0,0,0,9.80569,-4.68771,10.3428
157.115,0,0,0,0,0,0,8.94398,-4.07494,10.4194
157.212,0,0,0,0,0,0,9.25037,-2.7728,10.0364
157.31,0,0,0,0,0,0,11.5482,-1.89194,8.31301
157.405,0,0,0,0,0,0,9.93969,-2.46641,9.32792
157.5,0,0,0,0,0,0,7.96738,-2.83024,8.12152
157.601,0,0,0,0,0,0,7.27801,-2.19832,7.03002
157.695,0,0,0,0,0,0,8.94398,-0.953626,5.2683
157.793,0,0,0,0,0,0,10.3227,-1.41321,2.81722
157.89,0,0,0,0,0,0,8.46526,-2.6579,0.84486
157.985,0,0,0,0,0,0,8.42696,-2.7345,-0.591324
158.08,0,0,0,0,0,0,7.31631,-2.38981,-0.24664
158.178,0,0,0,0,0,0,8.23547,-3.02174,-0.131745
158.275,0,0,0,0,0,0,8.94398,-3.7111,1.11294
158.37,0,0,0,0,0,0,8.94398,-3.17493,3.1619
158.47,0,0,0,0,0,0,10.5716,-1.22172,3.50658
158.565,0,0,0,0,0,0,11.9887,0.578303,2.37679
158.665,0,0,0,0,0,0,8.86739,2.34002,2.49168
158.765,0,0,0,0,0,0,9.6142,3.10598,-0.112596
158.855,0,0,0,0,0,0,9.25037,3.58471,-1.52963
158.959,0,0,0,0,0,0,9.5759,2.37832,-3.13816
159.057,0,0,0,0,0,0,7.27801,1.07618,-3.75093
159.155,0,0,0,0,0,0,7.56525,-0.474898,-4.15306
159.25,0,0,0,0,0,0,7.16311,-2.46641,-4.19136
159.35,0,0,0,0,0,0,7.08652,-3.09833,-3.67434
159.445,0,0,0,0,0,0,10.8014,-4.9558,-3.40625
159.545,0,0,0,0,0,0,9.99717,-5.03239,-2.77433
159.643,0,0,0,0,0,0,7.31631,-6.21964,-1.22325
159.739,0,0,0,0,0,0,7.4312,-6.02815,-0.47643
159.84,0,0,0,0,0,0,9.17377,-6.33453,0.500176
159.938,0,0,0,0,0,0,9.5759,-6.71752,0.883158
160.036,0,0,0,0,0,0,6.20566,-6.48773,1.55337
160.135,0,0,0,0,0,0,6.93333,-6.56432,2.0704
160.23,0,0,0,0,0,0,8.50355,-5.66431,2.0321
160.33,0,0,0,0,0,0,9.32697,-5.8558,1.66827
160.425,0,0,0,0,0,0,8.73334,-5.35793,1.20869
160.522,0,0,0,0,0,0,7.83333,-5.35793,1.76401
160.619,0,0,0,0,0,0,8.61845,-4.68771,1.40018
160.72,0,0,0,0,0,0,8.84824,-4.38132,0.864009
160.814,0,0,0,0,0,0,7.75674,-3.19408,0.308684
160.915,0,0,0,0,0,0,9.84394,-2.58131,0.232088
161.01,0,0,0,0,0,0,8.06312,-3.00259,0.00229839
161.111,0,0,0,0,0,0,8.06312,-3.23238,-0.744517
161.209,0,0,0,0,0,0,8.84824,-3.826,-1.2041
161.305,0,0,0,0,0,0,8.69504,-4.01749,-1.72113
161.402,0,0,0,0,0,0,9.8823,-4.41962,-2.3722
161.5,0,0,0,0,0,0,9.17377,-3.90259,-2.10411
161.6,0,0,0,0,0,0,7.5844,-3.27067,-2.3339
161.695,0,0,0,0,0,0,7.5461,-2.7728,-2.44879
161.795,0,0,0,0,0,0,8.58015,-3.11748,-2.56369
161.891,0,0,0,0,0,0,10.8971,-3.28982,-2.48709
161.99,0,0,0,0,0,0,9.92056,-3.11748,-1.68283
162.086,0,0,0,0,0,0,8.82909,-2.17917,-1.56793
162.185,0,0,0,0,0,0,8.29291,-2.42811,-1.75942
162.28,0,0,0,0,0,0,8.61845,-2.17917,-2.1807
162.375,0,0,0,0,0,0,8.50355,-2.27492,-2.3722
162.47,0,0,0,0,0,0,9.7674,-2.19832,-2.52539
162.57,0,0,0,0,0,0,10.361,-2.6196,-2.52539
162.665,0,0,0,0,0,0,10.361,-3.40472,-3.4637
162.763,0,0,0,0,0,0,10.9355,-3.07918,-3.04241
162.854,0,0,0,0,0,0,10.4759,-3.40472,-2.2573
162.955,0,0,0,0,0,0,9.09718,-4.41962,-1.0892
163.05,0,0,0,0,0,0,8.61845,-4.53452,-0.418982
163.145,0,0,0,0,0,0,9.55675,-4.8026,0.0405968
163.243,0,0,0,0,0,0,9.67165,-4.7643,1.17039
163.34,0,0,0,0,0,0,10.112,-4.01749,1.0555
163.435,0,0,0,0,0,0,10.0738,-3.94089,1.76401
163.53,0,0,0,0,0,0,9.84394,-3.63451,1.72572
163.63,0,0,0,0,0,0,9.55675,-3.59621,1.87891
163.724,0,0,0,0,0,0,8.21632,-3.55791,2.0321
163.82,0,0,0,0,0,0,7.31631,-3.7111,1.72572
163.919,0,0,0,0,0,0,7.35461,-3.59621,1.32358
164.015,0,0,0,0,0,0,8.50355,-3.67281,0.864009
164.109,0,0,0,0,0,0,9.92056,-3.32812,0.423579
164.205,0,0,0,0,0,0,8.69504,-3.11748,0.634219
164.3,0,0,0,0,0,0,8.33121,-2.84939,0.0405968
164.397,0,0,0,0,0,0,8.33121,-2.54301,-1.05091
164.495,0,0,0,0,0,0,8.73334,-3.40472,-1.64453
164.595,0,0,0,0,0,0,9.44186,-3.51961,-2.219
164.689,0,0,0,0,0,0,9.36526,-4.30473,-2.06581
164.79,0,0,0,0,0,0,8.65675,-4.99409,-2.06581
164.885,0,0,0,0,0,0,7.5844,-5.9324,-1.47219
164.985,0,0,0,0,0,0,8.69504,-5.81751,0.0788949
165.08,0,0,0,0,0,0,7.83333,-6.37283,1.32358
165.175,0,0,0,0,0,0,8.25461,-6.08559,1.9938
165.274,0,0,0,0,0,0,8.10142,-5.9707,3.04701
165.375,0,0,0,0,0,0,8.36951,-4.57281,3.87042
165.47,0,0,0,0,0,0,7.31631,-4.13238,4.46404
165.567,0,0,0,0,0,0,7.4312,-4.18983,4.31085
165.665,0,0,0,0,0,0,9.25037,-4.22813,3.90872
165.766,0,0,0,0,0,0,8.96313,-3.63451,3.52573
165.86,0,0,0,0,0,0,7.69929,-3.36642,2.58743
165.96,0,0,0,0,0,0,6.79928,-2.81109,0.978904
166.055,0,0,0,0,0,0,8.25461,-2.58131,-0.150894
166.15,0,0,0,0,0,0,8.84824,-2.02598,-1.35729
166.25,0,0,0,0,0,0,9.95892,-0.972775,-2.81263
166.346,0,0,0,0,0,0,10.7823,-0.283407,-3.3488
166.445,0,0,0,0,0,0,9.51846,0.846391,-3.4637
166.545,0,0,0,0,0,0,9.8823,2.53151,-3.98072
166.643,0,0,0,0,0,0,10.361,3.08683,-4.95733
166.74,0,0,0,0,0,0,11.2994,3.46982,-5.41691
166.835,0,0,0,0,0,0,10.4376,5.80601,-5.66584
166.935,0,0,0,0,0,0,9.44186,5.82516,-5.41691
167.035,0,0,0,0,0,0,10.6291,6.09325,-5.62755
167.13,0,0,0,0,0,0,9.51846,5.94005,-5.62755
167.225,0,0,0,0,0,0,8.21632,5.34643,-5.4552
167.325,0,0,0,0,0,0,7.66099,5.65282,-4.95733
167.42,0,0,0,0,0,0,7.90993,5.76771,-4.84243
167.52,0,0,0,0,0,0,9.67165,5.69111,-5.41691
167.62,0,0,0,0,0,0,9.48016,5.57622,-4.80413
167.715,0,0,0,0,0,0,7.31631,4.67621,-4.4403
167.815,0,0,0,0,0,0,6.99077,3.08683,-3.19561
167.91,0,0,0,0,0,0,6.28226,2.89534,-2.85092
168.005,0,0,0,0,0,0,6.99077,2.89534,-2.219
168.105,0,0,0,0,0,0,7.62269,2.6464,-0.89771
168.205,0,0,0,0,0,0,8.69504,2.97194,-0.112596
168.3,0,0,0,0,0,0,8.73334,2.7996,0.461877
168.4,0,0,0,0,0,0,7.4312,2.93364,0.519325
168.495,0,0,0,0,0,0,6.99077,2.49321,-0.112596
168.593,0,0,0,0,0,0,7.77589,2.85704,-0.859412
168.69,0,0,0,0,0,0,7.87163,3.62301,-2.3339
168.785,0,0,0,0,0,0,9.80569,2.7996,-5.11052
168.88,0,0,0,0,0,0,9.7674,1.5932,-6.94884
168.977,0,0,0,0,0,0,8.10142,-1.20257,-7.21692
169.07,0,0,0,0,0,0,6.05247,-2.6579,-7.42756
169.17,0,0,0,0,0,0,6.64609,-4.30473,-6.48926
169.267,0,0,0,0,0,0,8.02483,-5.35793,-5.4935
169.364,0,0,0,0,0,0,7.73759,-6.009,-4.95733
169.457,0,0,0,0,0,0,9.25037,-7.31114,-3.67434
169.555,0,0,0,0,0,0,11.1844,-8.59413,-1.56793
169.654,0,0,0,0,0,0,10.5908,-8.47923,0.0788949
169.745,0,0,0,0,0,0,7.66099,-6.75581,-0.304087
169.844,0,0,0,0,0,0,5.49714,-5.26218,-1.05091
169.94,0,0,0,0,0,0,7.20141,-5.18559,-2.3339
170.035,0,0,0,0,0,0,7.87163,-5.9707,-1.91262
170.133,0,0,0,0,0,0,8.10142,-8.2303,-1.83602
170.23,0,0,0,0,0,0,8.92483,-10.1452,0.19379
170.324,0,0,0,0,0,0,8.80994,-10.7772,2.26189
170.42,0,0,0,0,0,0,6.99077,-9.60903,6.34065
170.52,0,0,0,0,0,0,11.1844,-7.34944,10.0555
170.615,0,0,0,0,0,0,10.3993,-5.35793,11.1087
170.71,0,0,0,0,0,0,7.87163,-3.40472,10.1705
170.805,0,0,0,0,0,0,5.57374,-3.04088,8.96408
170.904,0,0,0,0,0,0,3.67798,-2.46641,7.66194
171.003,0,0,0,0,0,0,5.09501,-1.75789,4.57894
171.1,0,0,0,0,0,0,7.62269,-1.5664,3.37254
171.199,0,0,0,0,0,0,6.99077,-0.22596,2.31934
171.295,0,0,0,0,0,0,8.06312,2.41662,1.20869
171.393,0,0,0,0,0,0,6.51204,4.02514,1.61082
171.49,0,0,0,0,0,0,9.84394,3.35492,0.232088
171.59,0,0,0,0,0,0,10.9929,4.81026,0.117193
171.686,0,0,0,0,0,0,10.7823,6.20814,0.423579
171.785,0,0,0,0,0,0,8.29291,7.06985,3.29594
171.881,0,0,0,0,0,0,9.67165,6.13154,5.17256
171.98,0,0,0,0,0,0,10.0738,4.33153,5.99597
172.08,0,0,0,0,0,0,10.3035,2.14853,6.49385
172.175,0,0,0,0,0,0,9.00143,0.540005,7.58535
172.271,0,0,0,0,0,0,9.55675,-1.20257,7.12577
172.369,0,0,0,0,0,0,9.51846,-1.79619,5.78533
172.465,0,0,0,0,0,0,9.21207,-1.48981,5.44065
172.565,0,0,0,0,0,0,6.32055,-2.06428,5.55554
172.655,0,0,0,0,0,0,6.95247,-1.71959,4.94277
172.756,0,0,0,0,0,0,8.80994,-0.264258,6.30236
172.857,0,0,0,0,0,0,8.96313,1.32512,5.17256
172.955,0,0,0,0,0,0,6.4929,0.827242,5.07681
173.054,0,0,0,0,0,0,6.05247,1.76554,5.59384
173.15,0,0,0,0,0,0,6.3014,3.39322,4.92362
173.245,0,0,0,0,0,0,8.88654,4.29323,3.79382
173.345,0,0,0,0,0,0,7.98653,4.81026,3.44914
173.443,0,0,0,0,0,0,6.56949,6.32304,3.04701
173.54,0,0,0,0,0,0,5.2482,7.45283,2.24274
173.635,0,0,0,0,0,0,6.95247,7.79752,1.68742
173.735,0,0,0,0,0,0,7.66099,8.08475,1.20869
173.83,0,0,0,0,0,0,6.47375,8.73582,1.80231
173.93,0,0,0,0,0,0,6.76098,8.42944,3.71722
174.03,0,0,0,0,0,0,7.23971,6.84006,3.87042
174.128,0,0,0,0,0,0,6.79928,5.07834,3.92787
174.225,0,0,0,0,0,0,5.34395,2.97194,3.25765
174.32,0,0,0,0,0,0,6.47375,1.72725,1.40018
174.42,0,0,0,0,0,0,6.32055,1.24852,-0.0742981
174.515,0,0,0,0,0,0,7.4695,0.578303,-2.77433
174.615,0,0,0,0,0,0,6.39715,1.09533,-3.3105
174.715,0,0,0,0,0,0,9.21207,1.5932,-3.3488
174.81,0,0,0,0,0,0,10.8971,2.26342,-4.17221
174.905,0,0,0,0,0,0,8.77164,3.12513,-4.5169
175,0,0,0,0,0,0,7.23971,2.93364,-4.80413
175.096,0,0,0,0,0,0,8.29291,3.20173,-4.53605
175.193,0,0,0,0,0,0,12.1611,3.46982,-4.24881
175.292,0,0,0,0,0,0,11.7015,3.35492,-3.2722
175.389,0,0,0,0,0,0,9.7674,3.79535,-2.44879
175.485,0,0,0,0,0,0,9.25037,3.43152,-2.02751
175.58,0,0,0,0,0,0,8.84824,3.69961,-0.227491
175.675,0,0,0,0,0,0,9.67165,3.87195,-0.189193
175.77,0,0,0,0,0,0,9.44186,4.59961,1.0938
175.87,0,0,0,0,0,0,10.4376,4.81026,2.31934
175.97,0,0,0,0,0,0,9.55675,4.67621,2.147
176.065,0,0,0,0,0,0,8.02483,3.31662,1.40018
176.165,0,0,0,0,0,0,7.20141,3.7379,1.24699
176.264,0,0,0,0,0,0,7.90993,4.25493,0.385281
176.36,0,0,0,0,0,0,9.28867,4.84855,0.595921
176.455,0,0,0,0,0,0,9.40356,5.94005,-0.0359997
176.555,0,0,0,0,0,0,8.80994,6.09325,0.672518
176.651,0,0,0,0,0,0,7.5461,5.97835,1.80231
176.751,0,0,0,0,0,0,7.14397,6.01665,2.147
176.844,0,0,0,0,0,0,6.60779,5.90175,2.22359
176.945,0,0,0,0,0,0,5.09501,5.90175,2.77892
177.043,0,0,0,0,0,0,9.36526,6.80176,3.14275
177.14,0,0,0,0,0,0,8.13972,7.41454,3.75552
177.235,0,0,0,0,0,0,7.98653,7.89326,4.00446
177.333,0,0,0,0,0,0,6.43545,8.12305,3.83212
177.435,0,0,0,0,0,0,7.3929,8.42944,3.44914
177.532,0,0,0,0,0,0,8.58015,8.27625,3.75552
177.63,0,0,0,0,0,0,8.17802,8.27625,3.48744
177.725,0,0,0,0,0,0,7.4312,7.96986,2.147
177.825,0,0,0,0,0,0,7.23971,8.12305,0.825711
177.92,0,0,0,0,0,0,8.65675,7.41454,0.864009
178.025,0,0,0,0,0,0,9.36526,5.69111,0.557623
178.12,0,0,0,0,0,0,6.76098,6.39963,-0.89771
178.217,0,0,0,0,0,0,6.47375,6.47623,-2.3722
178.315,0,0,0,0,0,0,6.28226,7.18475,-1.72113
178.41,0,0,0,0,0,0,8.65675,6.95496,0.270386
178.505,0,0,0,0,0,0,11.6631,6.32304,0.825711
178.606,0,0,0,0,0,0,9.21207,4.92515,-0.859412
178.705,0,0,0,0,0,0,8.29291,2.03363,-2.48709
178.8,0,0,0,0,0,0,7.20141,0.808093,-1.75942
178.935,0,0,0,0,0,0,11.9312,0.310216,-1.95091
178.999,0,0,0,0,0,0,10.1887,-0.628091,-2.48709
179.095,0,0,0,0,0,0,9.36526,-0.934477,-3.71263
179.19,0,0,0,0,0,0,9.80569,-0.934477,-3.23391
179.29,0,0,0,0,0,0,10.0738,-1.01108,-3.92327
179.387,0,0,0,0,0,0,11.1653,-0.474898,-4.63179
179.485,0,0,0,0,0,0,9.25037,0.271918,-4.68924
179.58,0,0,0,0,0,0,8.88654,1.6698,-4.74669
179.68,0,0,0,0,0,0,7.92908,3.46982,-4.15306
179.777,0,0,0,0,0,0,8.21632,4.29323,-3.88498
179.875,0,0,0,0,0,0,9.51846,3.98684,-4.4403
179.97,0,0,0,0,0,0,7.62269,4.17833,-3.88498
180.065,0,0,0,0,0,0,7.94823,3.08683,-3.3105
180.165,0,0,0,0,0,0,7.29716,3.50811,-2.41049
180.257,0,0,0,0,0,0,7.06737,2.85704,-1.98921
180.351,0,0,0,0,0,0,7.5461,2.18683,-2.41049
180.45,0,0,0,0,0,0,6.99077,3.20173,-3.04241
180.547,0,0,0,0,0,0,8.06312,3.46982,-3.4637
180.643,0,0,0,0,0,0,6.91418,5.42303,-3.2722
180.743,0,0,0,0,0,0,6.79928,6.47623,-3.08071
180.84,0,0,0,0,0,0,6.95247,7.60603,-1.75942
180.934,0,0,0,0,0,0,5.84183,7.96986,-0.342386
181.03,0,0,0,0,0,0,5.34395,8.04646,1.41933
181.125,0,0,0,0,0,0,6.56949,8.04646,3.14275
181.225,0,0,0,0,0,0,7.62269,8.62093,4.46404
181.32,0,0,0,0,0,0,7.3929,7.14645,5.67044
181.415,0,0,0,0,0,0,7.10567,5.94005,6.45555
181.512,0,0,0,0,0,0,8.80994,4.33153,6.97258
181.61,0,0,0,0,0,0,8.96313,2.85704,6.14916
181.705,0,0,0,0,0,0,6.28226,2.18683,5.51724
181.8,0,0,0,0,0,0,4.1184,2.07193,4.54064
181.898,0,0,0,0,0,0,6.20566,2.22512,3.67893
181.99,0,0,0,0,0,0,11.3376,2.93364,3.71722
182.093,0,0,0,0,0,0,26.542,1.76554,1.40018
182.19,0,0,0,0,0,0,15.4929,0.501707,0.864009
182.285,0,0,0,0,0,0,0.556666,-3.67281,15.7238
182.379,0,0,0,0,0,0,5.72693,-0.896179,1.76401
182.475,0,0,0,0,0,0,8.06312,-0.896179,3.48744
182.57,0,0,0,0,0,0,16.1632,1.51661,3.79382
182.67,0,0,0,0,0,0,13.9802,0.731496,2.35764
182.769,0,0,0,0,0,0,10.6291,0.118725,3.21935
182.865,0,0,0,0,0,0,11.2227,0.769795,4.42574
182.96,0,0,0,0,0,0,13.9036,7.29964,4.31085
183.055,0,0,0,0,0,0,7.23971,6.68687,1.91721
183.15,0,0,0,0,0,0,5.68863,6.72517,1.76401
183.249,0,0,0,0,0,0,8.25461,5.42303,2.35764
183.343,0,0,0,0,0,0,11.2227,3.24003,2.0321
183.44,0,0,0,0,0,0,10.5142,6.95496,1.32358
183.539,0,0,0,0,0,0,9.55675,2.14853,-0.0742981
183.635,0,0,0,0,0,0,-20.0478,14.0209,-16.9064
183.732,0,0,0,0,0,0,7.94823,4.10174,-3.71263
183.83,0,0,0,0,0,0,3.27584,4.14004,-3.3871
183.93,0,0,0,0,0,0,-36.248,34.9701,-116.712
184.02,0,0,0,0,0,0,-4.61359,-3.826,-7.69565
184.115,0,0,0,0,0,0,0.154534,-2.02598,-12.3106
184.21,0,0,0,0,0,0,-0.0752558,-7.65582,-8.90205
184.305,0,0,0,0,0,0,-0.860369,-9.41754,-5.4935
184.409,0,0,0,0,0,0,0.0396389,-8.63243,-5.07222
184.502,0,0,0,0,0,0,0.154534,-9.60903,-3.55944
184.6,0,0,0,0,0,0,-0.553983,9.80818,-11.6403
184.699,0,0,0,0,0,0,-1.3008,-11.409,2.0704
184.795,0,0,0,0,0,0,0.824753,-3.94089,-6.68075
184.895,0,0,0,0,0,0,0.326876,-8.67073,2.93211
184.99,0,0,0,0,0,0,-0.668878,-9.60903,2.147
185.095,0,0,0,0,0,0,-0.515685,-9.57073,1.32358
185.187,0,0,0,0,0,0,-0.592282,-9.57073,2.0704
185.285,0,0,0,0,0,0,-0.477387,-9.8771,2.58743
185.385,0,0,0,0,0,0,-4.5753,-13.8218,2.28104
185.481,0,0,0,0,0,0,0.00134062,-5.18559,2.47253
185.58,0,0,0,0,0,0,-0.63058,-4.13238,14.1918
185.681,0,0,0,0,0,0,2.18434,-0.513196,13.9237
185.78,0,0,0,0,0,0,-0.783773,4.63791,10.362
185.874,0,0,0,0,0,0,-0.305045,4.06344,7.70024
185.975,0,0,0,0,0,0,-1.07101,2.37832,9.27047
186.071,0,0,0,0,0,0,-0.764624,0.942137,10.1705
186.17,0,0,0,0,0,0,-0.63058,-1.79619,8.96408
186.265,0,0,0,0,0,0,-0.477387,-3.67281,8.48536
186.365,0,0,0,0,0,0,-0.553983,-3.40472,8.33216
186.464,0,0,0,0,0,0,-0.63058,-3.19408,9.04068
186.56,0,0,0,0,0,0,-0.324194,-2.31322,9.44281
186.66,0,0,0,0,0,0,-0.745475,-1.75789,9.53856
186.755,0,0,0,0,0,0,-0.707176,-1.87279,9.27047
186.855,0,0,0,0,0,0,-0.515685,-2.42811,9.00238
186.955,0,0,0,0,0,0,-0.63058,-2.10258,9.15557
187.05,0,0,0,0,0,0,-0.63058,-2.02598,9.42366
187.145,0,0,0,0,0,0,-0.668878,-2.06428,9.15557
187.245,0,0,0,0,0,0,-0.515685,-1.98768,9.19387
187.34,0,0,0,0,0,0,-0.668878,-2.02598,9.23217
187.44,0,0,0,0,0,0,-0.515685,-2.02598,9.23217
187.537,0,0,0,0,0,0,-0.802922,-1.94938,9.30877
187.635,0,0,0,0,0,0,-0.553983,-1.94938,9.19387
187.73,0,0,0,0,0,0,-0.63058,-2.14088,9.19387
187.83,0,0,0,0,0,0,-0.515685,-1.94938,9.04068
187.929,0,0,0,0,0,0,-0.553983,-1.6813,9.23217
188.025,0,0,0,0,0,0,-0.668878,-1.94938,9.48111
188.122,0,0,0,0,0,0,-0.439089,-2.14088,9.30877
188.22,0,0,0,0,0,0,-0.324194,-2.14088,9.27047
188.315,0,0,0,0,0,0,-0.63058,-2.19832,9.30877
188.415,0,0,0,0,0,0,-0.477387,-2.02598,9.19387
188.51,0,0,0,0,0,0,-0.515685,-2.06428,9.30877
188.607,0,0,0,0,0,0,-0.63058,-1.83449,9.07898
188.701,0,0,0,0,0,0,-0.668878,-2.14088,9.04068
188.8,0,0,0,0,0,0,-0.592282,-2.17917,9.19387
188.893,0,0,0,0,0,0,-0.668878,-2.14088,9.55771
188.992,0,0,0,0,0,0,-0.362492,-2.46641,8.88749
189.09,0,0,0,0,0,0,-1.33909,-3.00259,8.77259
189.187,0,0,0,0,0,0,-0.592282,-4.38132,8.84919
189.281,0,0,0,0,0,0,0.0396389,-2.17917,9.44281
189.377,0,0,0,0,0,0,-0.40079,-5.22388,7.16407
189.475,0,0,0,0,0,0,-2.10506,-14.2048,12.9279
189.57,0,0,0,0,0,0,-1.03271,-6.50687,7.12577
189.67,0,0,0,0,0,0,-0.515685,-6.20049,10.1705
189.763,0,0,0,0,0,0,-0.956115,0.118725,8.92579
189.86,0,0,0,0,0,0,3.35244,-11.4282,8.25557
189.955,0,0,0,0,0,0,0.633262,-4.47707,8.46621
190.05,0,0,0,0,0,0,3.12265,0.195321,10.362
190.147,0,0,0,0,0,0,-4.70934,-1.66215,13.1386
190.245,0,0,0,0,0,0,-1.33909,-6.009,16.4322
190.34,0,0,0,0,0,0,-1.89442,-6.39198,13.8854
190.439,0,0,0,0,0,0,-2.10506,-11.0835,10.6875
190.535,0,0,0,0,0,0,-3.79018,-5.77921,8.06408
190.63,0,0,0,0,0,0,-2.33485,-9.43669,6.62789
190.726,0,0,0,0,0,0,1.34178,-6.27709,5.44065
190.825,0,0,0,0,0,0,-1.2625,-4.9175,7.87258
190.917,0,0,0,0,0,0,2.60562,-4.17068,8.96408
191.015,0,0,0,0,0,0,0.977946,-2.92599,10.0939
191.11,0,0,0,0,0,0,-0.553983,-3.00259,11.6258
191.205,0,0,0,0,0,0,0.116236,-1.79619,7.31726
191.305,0,0,0,0,0,0,-2.56464,-2.42811,14.9769
191.4,0,0,0,0,0,0,-4.3838,-2.84939,4.38744
191.495,0,0,0,0,0,0,-1.3008,0.903838,9.6726
191.595,0,0,0,0,0,0,-0.592282,0.788944,9.34707
191.69,0,0,0,0,0,0,-1.35824,3.94854,8.84919
191.785,0,0,0,0,0,0,-0.132703,5.71026,7.79599
191.88,0,0,0,0,0,0,-1.58803,6.41878,6.66619
191.974,0,0,0,0,0,0,-2.56464,6.72517,6.70449
192.075,0,0,0,0,0,0,-0.99441,6.57197,6.4364
192.17,0,0,0,0,0,0,-0.879518,6.68687,6.70449
192.265,0,0,0,0,0,0,-1.03271,6.53368,6.58959
192.36,0,0,0,0,0,0,-1.12845,6.49538,6.55129
192.46,0,0,0,0,0,0,-0.99441,6.68687,6.66619
192.555,0,0,0,0,0,0,-0.956115,6.49538,6.62789
192.65,0,0,0,0,0,0,-1.09016,6.49538,6.70449
192.75,0,0,0,0,0,0,-0.802922,6.49538,6.58959
192.845,0,0,0,0,0,0,-1.2625,6.16984,6.62789
192.94,0,0,0,0,0,0,-0.764624,6.20814,6.513
193.039,0,0,0,0,0,0,-1.20505,6.49538,6.81938
193.133,0,0,0,0,0,0,-1.31995,6.72517,6.62789
193.23,0,0,0,0,0,0,-1.03271,6.53368,6.58959
193.325,0,0,0,0,0,0,-1.09016,6.57197,6.4364
193.42,0,0,0,0,0,0,-0.917817,6.61027,6.62789
193.516,0,0,0,0,0,0,-1.12845,6.61027,6.62789
193.615,0,0,0,0,0,0,-0.956115,6.45708,6.74279
193.714,0,0,0,0,0,0,-0.956115,6.45708,6.58959
193.805,0,0,0,0,0,0,-1.03271,6.49538,6.4747
193.905,0,0,0,0,0,0,-0.99441,6.49538,6.513
194,0,0,0,0,0,0,-1.03271,6.68687,6.66619
194.095,0,0,0,0,0,0,-0.917817,6.68687,6.66619
194.193,0,0,0,0,0,0,-1.03271,6.61027,6.78108
194.287,0,0,0,0,0,0,-1.20505,6.53368,6.66619
194.385,0,0,0,0,0,0,-1.28165,6.64857,6.4747
